state,start_frame,end_frame,mid_frame,n_frames,start_time_s,end_time_s,mid_time_s,duration_s,mean_DA,manual_mode,manual_count,duration_rank_within_state
0,0,6,3,7,184.0,184.6,184.3,0.5999999999999943,0.5966068897317697,,7,156
0,19,32,26,14,185.9,187.2,186.6,1.299999999999983,0.13051362990356383,,14,90
0,42,61,52,20,188.2,190.1,189.2,1.9000000000000057,1.4671001349169106,,20,56
0,133,143,138,11,197.3,198.3,197.8,1.0,2.068942989345547,,11,115
0,162,175,169,14,200.2,201.5,200.9,1.3000000000000114,1.2412747021992045,,14,91
0,707,718,713,12,254.7,255.8,255.3,1.1000000000000227,-0.004842196762857483,,12,107
0,849,858,854,10,268.9,269.8,269.4,0.9000000000000341,-0.15327229875671106,,10,125
0,919,931,925,13,275.9,277.1,276.5,1.2000000000000455,0.25498197143824225,,13,100
0,961,988,975,28,280.1,282.8,281.5,2.6999999999999886,-0.39301354962435264,,28,31
0,1030,1042,1036,13,287.0,288.2,287.6,1.1999999999999886,-0.22814103427843652,,13,101
0,1050,1054,1052,5,289.0,289.4,289.2,0.39999999999997726,0.10081223899474027,,5,190
0,1060,1067,1064,8,290.0,290.7,290.4,0.6999999999999886,-0.40644635706268584,,8,143
0,1089,1112,1101,24,292.9,295.2,294.1,2.3000000000000114,-0.6838976339165249,,24,41
0,1123,1139,1131,17,296.3,297.9,297.1,1.599999999999966,-0.2763110659182152,,17,74
0,1153,1174,1164,22,299.3,301.4,300.4,2.099999999999966,-0.8977588419878887,,22,47
0,1181,1201,1191,21,302.1,304.1,303.1,2.0,-0.8019447863030497,,21,53
0,1253,1257,1255,5,309.3,309.7,309.5,0.39999999999997726,-0.6826695949070478,,5,191
0,1273,1288,1281,16,311.3,312.8,312.1,1.5,-0.20426870829079308,,16,81
0,1329,1333,1331,5,316.9,317.3,317.1,0.4000000000000341,-0.38211855803682626,,5,192
0,1410,1415,1413,6,325.0,325.5,325.3,0.5,-0.11536767181090825,,6,175
0,1456,1475,1466,20,329.6,331.5,330.6,1.8999999999999773,-0.6328319189211691,,20,57
0,1480,1508,1494,29,332.0,334.8,333.4,2.8000000000000114,-0.7073895771606317,,29,28
0,1515,1522,1519,8,335.5,336.2,335.9,0.6999999999999886,-0.8324698742045729,,8,144
0,1563,1580,1572,18,340.3,342.0,341.2,1.6999999999999886,-2.1492583513486156,,18,71
0,1930,1939,1935,10,377.0,377.9,377.5,0.8999999999999773,0.2836072217241905,,10,126
0,1962,1973,1968,12,380.2,381.3,380.8,1.1000000000000227,-0.17471476829547225,,12,108
0,2014,2020,2017,7,385.4,386.0,385.7,0.6000000000000227,-0.8392934416887506,,7,157
0,2052,2080,2066,29,389.2,392.0,390.6,2.8000000000000114,-0.1632788133437055,,29,29
0,2111,2122,2117,12,395.1,396.2,395.7,1.099999999999966,-0.03242525548670053,,12,109
0,2131,2145,2138,15,397.1,398.5,397.8,1.3999999999999773,1.1046801676796973,,15,83
0,2156,2241,2199,86,399.6,408.1,403.9,8.5,-0.5517210977300632,,86,3
0,2333,2352,2343,20,417.3,419.2,418.3,1.8999999999999773,0.001462879323412164,,20,58
0,2369,2373,2371,5,420.9,421.3,421.1,0.4000000000000341,-0.014517863579253188,,5,193
0,2392,2410,2401,19,423.2,425.0,424.1,1.8000000000000114,0.026267362288231823,,19,66
0,2445,2485,2465,41,428.5,432.5,430.5,4.0,-0.11224582499953854,,41,16
0,2552,2568,2560,17,439.2,440.8,440.0,1.6000000000000227,-0.6654716519847498,,17,75
0,2638,2642,2640,5,447.8,448.2,448.0,0.39999999999997726,-0.12572845387722337,,5,194
0,2693,2701,2697,9,453.3,454.1,453.7,0.8000000000000114,-0.3208584180375548,,9,133
0,3031,3038,3035,8,487.1,487.8,487.5,0.6999999999999886,0.11562128650155838,,8,145
0,3201,3203,3202,3,504.1,504.3,504.2,0.19999999999998863,-1.5926632860617191,,3,210
0,3215,3249,3232,35,505.5,508.9,507.2,3.3999999999999773,-0.009682427698825153,,35,23
0,3301,3310,3306,10,514.1,515.0,514.6,0.8999999999999773,-0.19007328114859934,,10,127
0,3315,3320,3318,6,515.5,516.0,515.8,0.5,-0.32493875538666966,,6,176
0,3399,3418,3409,20,523.9,525.8,524.9,1.8999999999999773,-0.06763414155628583,,20,59
0,3436,3480,3458,45,527.6,532.0,529.8,4.399999999999977,1.4883663979324757,,45,11
0,3516,3553,3535,38,535.6,539.3,537.5,3.699999999999932,1.1141151350481515,,38,21
0,3654,3668,3661,15,549.4,550.8,550.1,1.3999999999999773,0.7217239949844788,,15,84
0,3707,3713,3710,7,554.7,555.3,555.0,0.599999999999909,-0.18726884291778667,,7,158
0,3744,3752,3748,9,558.4,559.2,558.8,0.8000000000000682,-0.1307656198127168,,9,134
0,3758,3766,3762,9,559.8,560.6,560.2,0.8000000000000682,2.349802635273729,,9,135
0,3834,3859,3847,26,567.4,569.9,568.7,2.5,1.0719728755352098,,26,36
0,3872,3882,3877,11,571.2,572.2,571.7,1.0,0.3428660593456636,,11,116
0,3911,3931,3921,21,575.1,577.1,576.1,2.0,0.9364917291433796,,21,54
0,3955,3968,3962,14,579.5,580.8,580.2,1.2999999999999545,0.03132579268171977,,14,92
0,4091,4093,4092,3,593.1,593.3,593.2,0.1999999999999318,0.7790951430830552,,3,211
0,4188,4192,4190,5,602.8,603.2,603.0,0.40000000000009095,0.08887823706179601,,5,195
0,4201,4211,4206,11,604.1,605.1,604.6,1.0,0.2088147156695106,,11,117
0,4222,4230,4226,9,606.2,607.0,606.6,0.7999999999999545,0.2016104440522868,,9,136
0,4351,4356,4354,6,619.1,619.6,619.4,0.5,0.23401199672960601,,6,177
0,4391,4396,4394,6,623.1,623.6,623.4,0.5,2.564497281886493,,6,178
0,4432,4436,4434,5,627.2,627.6,627.4,0.39999999999997726,0.7883144327033591,,5,196
0,4446,4452,4449,7,628.6,629.2,628.9,0.6000000000000227,0.3396367539516835,,7,159
0,4522,4528,4525,7,636.2,636.8,636.5,0.599999999999909,-0.33827146294578375,,7,160
0,4682,4687,4685,6,652.2,652.7,652.5,0.5,-0.6204462349966361,,6,179
0,4700,4738,4719,39,654.0,657.8,655.9,3.7999999999999545,-0.7088054351248514,,39,19
0,4833,4838,4836,6,667.3,667.8,667.6,0.5,2.1671681616649283,,6,180
0,5020,5024,5022,5,686.0,686.4,686.2,0.39999999999997726,-0.21828122634816297,,5,197
0,5034,5058,5046,25,687.4,689.8,688.6,2.3999999999999773,0.0030450802193648565,,25,39
0,5067,5080,5074,14,690.7,692.0,691.4,1.2999999999999545,-0.023546273181499166,,14,93
0,5179,5220,5200,42,701.9,706.0,704.0,4.100000000000023,-0.10989520405039681,,42,14
0,5309,5318,5314,10,714.9,715.8,715.4,0.8999999999999773,-0.36242629436980983,,10,128
0,5430,5437,5434,8,727.0,727.7,727.4,0.7000000000000455,-1.0420717763040117,,8,146
0,5622,5643,5633,22,746.2,748.3,747.3,2.099999999999909,-0.9188686828729294,,22,48
0,5660,5683,5672,24,750.0,752.3,751.2,2.2999999999999545,-0.9354790722904056,,24,42
0,5709,5715,5712,7,754.9,755.5,755.2,0.6000000000000227,-0.5264598701898604,,7,161
0,5759,5761,5760,3,759.9,760.1,760.0,0.20000000000004547,-0.9714914271127068,,3,212
0,5782,5793,5788,12,762.2,763.3,762.8,1.099999999999909,-0.6512406996626644,,12,110
0,5802,5855,5829,54,764.2,769.5,766.9,5.2999999999999545,0.013071888577074699,,54,8
0,5876,5895,5886,20,771.6,773.5,772.6,1.8999999999999773,-0.7029716261211878,,20,60
0,5923,5946,5935,24,776.3,778.6,777.5,2.300000000000068,-0.10609950096854275,,24,43
0,5981,5994,5988,14,782.1,783.4,782.8,1.2999999999999545,0.002698419134753672,,14,94
0,6001,6003,6002,3,784.1,784.3,784.2,0.1999999999999318,-0.10139606126189095,,3,213
0,6017,6021,6019,5,785.7,855.7,785.9,70.0,-0.10955170757081123,,5,198
0,6033,6051,6042,19,856.9,858.7,857.8,1.8000000000000682,-0.3046510812304886,,19,67
0,6064,6075,6070,12,860.0,861.1,860.6,1.1000000000000227,-0.9787717267141806,,12,111
0,6081,6102,6092,22,861.7,863.8,862.8,2.099999999999909,0.14297219184037047,,22,49
0,6145,6147,6146,3,868.1,868.3,868.2,0.1999999999999318,-0.03914975772471583,,3,214
0,6234,6242,6238,9,877.0,877.8,877.4,0.7999999999999545,0.1989549203482461,,9,137
0,6256,6261,6259,6,879.2,879.7,879.5,0.5,0.6821253412034656,,6,181
0,6276,6282,6279,7,881.2,881.8,881.5,0.599999999999909,-0.036466961768327345,,7,162
0,6300,6313,6307,14,883.6,884.9,884.3,1.2999999999999545,-0.33409824642407965,,14,95
0,6378,6382,6380,5,891.4,891.8,891.6,0.39999999999997726,-0.9069452018508957,,5,199
0,6403,6417,6410,15,893.9,895.3,894.6,1.3999999999999773,-0.7524589339296848,,15,85
0,6424,6466,6445,43,896.0,900.2,898.1,4.2000000000000455,-0.8937300838057172,,43,12
0,6487,6525,6506,39,902.3,906.1,904.2,3.800000000000068,-0.21649449369272844,,39,20
0,6541,6590,6566,50,907.7,912.6,910.2,4.899999999999977,-0.2708354480812388,,50,9
0,6608,6614,6611,7,914.4,915.0,914.7,0.6000000000000227,-0.4145078903585167,,7,163
0,6649,6668,6659,20,918.5,920.4,919.5,1.8999999999999773,-0.35778025046356415,,20,61
0,6684,6705,6695,22,922.0,924.1,923.1,2.1000000000000227,-0.17708706980454447,,22,50
0,6768,6774,6771,7,930.4,931.0,930.7,0.6000000000000227,-0.642056854048434,,7,164
0,6778,6819,6799,42,931.4,935.5,933.5,4.100000000000023,-0.47196773614851295,,42,15
0,6860,6871,6866,12,939.6,940.7,940.2,1.1000000000000227,0.017883438781473363,,12,112
0,6878,6900,6889,23,941.4,943.6,942.5,2.2000000000000455,-1.0709908487180988,,23,46
0,6932,6961,6947,30,946.8,949.7,948.3,2.900000000000091,0.14656598004779955,,30,27
0,6973,6989,6981,17,950.9,952.5,951.7,1.6000000000000227,-0.35046212438571356,,17,76
0,7027,7035,7031,9,956.3,957.1,956.7,0.8000000000000682,0.8629772899564991,,9,138
0,7050,7060,7055,11,958.6,959.6,959.1,1.0,-0.30941937432844696,,11,118
0,7078,7084,7081,7,961.4,962.0,961.7,0.6000000000000227,0.009826846639347039,,7,165
0,7090,7097,7094,8,962.6,963.3,963.0,0.6999999999999318,-0.0925610998975971,,8,147
0,7129,7133,7131,5,966.5,966.9,966.7,0.39999999999997726,-0.10030557033712043,,5,200
0,7150,7204,7177,55,968.6,974.0,971.3,5.399999999999977,0.14706858654457905,,55,7
0,7220,7234,7227,15,975.6,977.0,976.3,1.3999999999999773,0.0947678750531323,,15,86
0,7243,7248,7246,6,977.9,978.4,978.2,0.5,0.4923004300182485,,6,182
0,7263,7269,7266,7,979.9,980.5,980.2,0.6000000000000227,0.433273142711763,,7,166
0,7424,7436,7430,13,996.0,997.2,996.6,1.2000000000000455,-0.7790655567867415,,13,102
0,7444,7471,7458,28,998.0,1000.7,999.4,2.7000000000000455,-0.47064450901334137,,28,32
0,7485,7492,7489,8,1002.1,1002.8,1002.5,0.6999999999999318,-0.47215861774713064,,8,148
0,7514,7525,7520,12,1005.0,1006.1,1005.6,1.1000000000000227,-0.5334720898594746,,12,113
0,7542,7570,7556,29,1007.8,1010.6,1009.2,2.800000000000068,-0.38163828019505497,,29,30
0,7580,7584,7582,5,1011.6,1012.0,1011.8,0.39999999999997726,-0.5541762995254883,,5,201
0,7677,7684,7681,8,1021.3,1022.0,1021.7,0.7000000000000455,-1.2594075926554003,,8,149
0,7704,7709,7707,6,1024.0,1024.5,1024.3,0.5,-0.9488214031060566,,6,183
0,7878,7904,7891,27,1041.4,1044.0,1042.7,2.599999999999909,-0.9016142189791915,,27,33
0,8059,8066,8063,8,1059.5,1060.2,1059.9,0.7000000000000455,0.1491383941198331,,8,150
0,8223,8225,8224,3,1075.9,1076.1,1076.0,0.1999999999998181,1.9279851982823673,,3,215
0,8267,8273,8270,7,1080.3,1080.9,1080.6,0.6000000000001364,0.08920692446170837,,7,167
0,8337,8349,8343,13,1087.3,1088.5,1087.9,1.2000000000000455,-0.01619638432341486,,13,103
0,8353,8359,8356,7,1088.9,1089.5,1089.2,0.599999999999909,0.11644953253061319,,7,168
0,8365,8371,8368,7,1090.1,1090.7,1090.4,0.6000000000001364,0.19031768649092404,,7,169
0,8376,8381,8379,6,1091.2,1091.7,1091.5,0.5,0.22874176101201346,,6,184
0,8404,8418,8411,15,1094.0,1095.4,1094.7,1.400000000000091,0.15896237244746542,,15,87
0,8463,8470,8467,8,1099.9,1100.6,1100.3,0.6999999999998181,-0.26146602600232083,,8,151
0,8515,8527,8521,13,1105.1,1106.3,1105.7,1.2000000000000455,-0.4557659645592079,,13,104
0,8612,8619,8616,8,1114.8,1115.5,1115.2,0.7000000000000455,-0.3182943343572898,,8,152
0,8732,8744,8738,13,1126.8,1128.0,1127.4,1.2000000000000455,2.9653076655860318,,13,105
0,8873,8887,8880,15,1140.9,1142.3,1141.6,1.3999999999998636,1.876091414748095,,15,88
0,8905,8915,8910,11,1144.1,1145.1,1144.6,1.0,1.9276571274881478,,11,119
0,8964,8989,8977,26,1150.0,1152.5,1151.3,2.5,1.107582288658568,,26,37
0,9007,9038,9023,32,1154.3,1166.7,1155.9,12.400000000000091,0.7381094290416045,,32,26
0,9044,9065,9055,22,1167.3,1169.4,1168.4,2.1000000000001364,-0.32137638157523213,,22,51
0,9079,9083,9081,5,1170.8,1171.2,1171.0,0.40000000000009095,1.283315351611136,,5,202
0,9097,9107,9102,11,1172.6,1173.6,1173.1,1.0,1.6747795577852294,,11,120
0,9123,9131,9127,9,1175.2,1176.0,1175.6,0.7999999999999545,0.9707759531646825,,9,139
0,9145,9158,9152,14,1177.4,1178.7,1178.1,1.2999999999999545,0.12955870110254594,,14,96
0,9234,9240,9237,7,1186.3,1186.9,1186.6,0.6000000000001364,0.49208717631448173,,7,170
0,9257,9267,9262,11,1188.6,1189.6,1189.1,1.0,0.5976368046084057,,11,121
0,9593,9597,9595,5,1222.2,1222.6,1222.4,0.3999999999998636,0.023628526826076517,,5,203
0,9625,9635,9630,11,1225.4,1226.4,1225.9,1.0,-0.0018874127478587218,,11,122
0,9640,9656,9648,17,1226.9,1228.5,1227.7,1.599999999999909,0.02742194121822332,,17,77
0,9682,9696,9689,15,1231.1,1232.5,1231.8,1.400000000000091,-0.21731415326423228,,15,89
0,9744,9748,9746,5,1237.3,1237.7,1237.5,0.40000000000009095,-0.25789029461519536,,5,204
0,9799,9806,9803,8,1242.8,1243.5,1243.2,0.7000000000000455,-0.6367566168541483,,8,153
0,9896,9915,9906,20,1252.5,1254.4,1253.5,1.900000000000091,-0.8456908127777885,,20,62
0,9932,9952,9942,21,1256.1,1258.1,1257.1,2.0,0.1598131766992221,,21,55
0,9989,10008,9999,20,1261.8,1263.7,1262.8,1.900000000000091,-0.06884414741678,,20,63
0,10019,10027,10023,9,1264.8,1265.6,1265.2,0.7999999999999545,0.5900630941395293,,9,140
0,10045,10071,10058,27,1267.4,1270.0,1268.7,2.599999999999909,0.08208524887002981,,27,34
0,10090,10100,10095,11,1271.9,1272.9,1272.4,1.0,-0.4400296860804442,,11,123
0,10181,10190,10186,10,1281.0,1281.9,1281.5,0.900000000000091,-0.525413553260065,,10,129
0,10202,10241,10222,40,1283.1,1287.0,1285.1,3.900000000000091,-0.880946325141997,,40,18
0,10262,10286,10274,25,1289.1,1291.5,1290.3,2.400000000000091,-0.5871256700211764,,25,40
0,10395,10441,10418,47,1302.4,1307.0,1304.7,4.599999999999909,-0.4645321859372747,,47,10
0,10453,10478,10466,26,1308.2,1310.7,1309.5,2.5,0.719427332521589,,26,38
0,10488,10495,10492,8,1311.7,1312.4,1312.1,0.7000000000000455,0.13731085542650873,,8,154
0,10550,10566,10558,17,1317.9,1319.5,1318.7,1.599999999999909,-0.4393121835725169,,17,78
0,10579,10586,10583,8,1320.8,1321.5,1321.2,0.7000000000000455,-0.738473769993312,,8,155
0,10844,10847,10846,4,1347.3,1347.6,1347.5,0.2999999999999545,-0.07197890991399715,,4,206
0,10866,10876,10871,11,1349.5,1350.5,1350.0,1.0,-0.7629056980000666,,11,124
0,11061,11067,11064,7,1369.0,1369.6,1369.3,0.599999999999909,-0.6628712309830483,,7,171
0,11084,11120,11102,37,1371.3,1374.9,1373.1,3.6000000000001364,-0.253974841875013,,37,22
0,11170,11174,11172,5,1379.9,1380.3,1380.1,0.3999999999998636,-0.9688098327462498,,5,205
0,11179,11184,11182,6,1380.8,1381.3,1381.1,0.5,-1.0914836480177523,,6,185
0,11200,11205,11203,6,1382.9,1383.4,1383.2,0.5,-1.1359985631539922,,6,186
0,11224,11230,11227,7,1385.3,1385.9,1385.6,0.6000000000001364,-0.021986329716591098,,7,172
0,11251,11268,11260,18,1388.0,1389.7,1388.9,1.7000000000000455,-0.7997165185880775,,18,72
0,11294,11300,11297,7,1392.3,1392.9,1392.6,0.6000000000001364,-1.2311020006243447,,7,173
0,11347,11350,11349,4,1397.6,1397.9,1397.8,0.3000000000001819,-1.5630010576621447,,4,207
0,11366,11369,11368,4,1399.5,1399.8,1399.7,0.2999999999999545,-1.4611635643327152,,4,208
0,11475,11484,11480,10,1410.4,1411.3,1410.9,0.8999999999998636,0.12899472341602158,,10,130
0,11496,11522,11509,27,1412.5,1415.1,1413.8,2.599999999999909,-0.4188863761703523,,27,35
0,11537,11602,11570,66,1416.6,1423.1,1419.9,6.5,-0.9362126206568392,,66,5
0,11639,11644,11642,6,1426.8,1427.3,1427.1,0.5,-0.22804086473064164,,6,187
0,11811,11829,11820,19,1444.0,1445.8,1444.9,1.7999999999999545,-0.6561026054272053,,19,68
0,11853,11858,11856,6,1448.2,1448.7,1448.5,0.5,-0.6832169845412482,,6,188
0,12051,12069,12060,19,1468.0,1475.2,1474.3,7.2000000000000455,0.1030537298792203,,19,69
0,12078,12175,12127,98,1476.1,1485.8,1481.0,9.700000000000045,1.4392608828639677,,98,2
0,12228,12239,12234,12,1491.1,1492.2,1491.7,1.1000000000001364,0.051056867211194436,,12,114
0,12260,12283,12272,24,1494.3,1496.6,1495.5,2.2999999999999545,-0.5456521177808825,,24,44
0,12290,12292,12291,3,1497.3,1497.5,1497.4,0.20000000000004547,-0.3008366028097889,Approach,3,216
0,12550,12565,12558,16,1523.3,1524.8,1524.1,1.5,-0.8983451263107799,,16,82
0,12595,12597,12596,3,1527.8,1528.0,1527.9,0.20000000000004547,-0.7335425182724319,,3,217
0,12667,12680,12674,14,1535.0,1536.3,1535.7,1.2999999999999545,-0.502286458897761,,14,97
0,12691,12733,12712,43,1537.4,1541.6,1539.5,4.199999999999818,-0.24453430249276395,,43,13
0,12766,12775,12771,10,1544.9,1545.8,1545.4,0.8999999999998636,-0.9306119713567756,,10,131
0,12806,12814,12810,9,1548.9,1549.7,1549.3,0.7999999999999545,-0.28319842571111387,,9,141
0,12904,12944,12924,41,1558.7,1562.7,1560.7,4.0,0.3544675421322289,,41,17
0,12953,12959,12956,7,1563.6,1564.2,1563.9,0.6000000000001364,-0.21400809514193725,,7,174
0,13040,13074,13057,35,1572.3,1575.7,1574.0,3.400000000000091,0.7904020730550568,,35,24
0,13086,13109,13098,24,1576.9,1579.2,1578.1,2.2999999999999545,-0.3393800587442282,,24,45
0,13124,13145,13135,22,1580.7,1582.8,1581.8,2.099999999999909,-0.39237178424783586,,22,52
0,13535,13540,13538,6,1621.8,1622.3,1622.1,0.5,-0.5453772674430328,,6,189
0,13548,13567,13558,20,1623.1,1625.0,1624.1,1.900000000000091,-0.6004326236986628,,20,64
0,13600,13656,13628,57,1628.3,1633.9,1631.1,5.600000000000136,0.1637166908266976,,57,6
0,13688,13720,13704,33,1637.1,1640.3,1638.7,3.2000000000000455,-0.5418016660850712,,33,25
0,13741,13754,13748,14,1642.4,1643.7,1643.1,1.2999999999999545,-0.13727224648779163,,14,98
0,13771,13790,13781,20,1645.4,1647.3,1646.4,1.8999999999998636,-0.33683137864933244,,20,65
0,13801,13804,13803,4,1648.4,1648.7,1648.6,0.2999999999999545,-0.44243007888787256,,4,209
0,13820,13838,13829,19,1650.3,1652.1,1651.2,1.7999999999999545,-0.6548174126475222,,19,70
0,13853,13931,13892,79,1653.6,1661.4,1657.5,7.800000000000182,0.1877326391099271,,79,4
0,13941,14041,13991,101,1662.4,1672.4,1667.4,10.0,0.015773696988480645,,101,1
0,14078,14094,14086,17,1676.1,1677.7,1676.9,1.6000000000001364,0.19088800607827006,,17,79
0,14446,14454,14450,9,1712.9,1713.7,1713.3,0.7999999999999545,-0.691298183328971,,9,142
0,14637,14654,14646,18,1732.0,1733.7,1732.9,1.7000000000000455,-0.20128810048254292,,18,73
0,14705,14718,14712,14,1738.8,1740.1,1739.5,1.2999999999999545,0.0302969954215394,,14,99
0,14740,14752,14746,13,1742.3,1743.5,1742.9,1.2000000000000455,-0.06812647763962064,,13,106
0,14799,14815,14807,17,1748.2,1749.8,1749.0,1.599999999999909,1.2165436779988195,,17,80
0,14830,14839,14835,10,1751.3,1752.2,1751.8,0.900000000000091,1.52323044905866,,10,132
1,119,132,126,14,195.9,197.2,196.6,1.299999999999983,2.981085934041618,,14,105
1,202,208,205,7,204.2,204.8,204.5,0.6000000000000227,1.6953768523333537,,7,186
1,227,274,251,48,206.7,211.4,209.1,4.700000000000017,0.7912305720670844,,48,13
1,306,320,313,15,214.6,216.0,215.3,1.4000000000000057,0.21351666841072567,,15,100
1,342,356,349,15,218.2,219.6,218.9,1.4000000000000057,0.3185958159305332,,15,101
1,380,385,383,6,222.0,222.5,222.3,0.5,-0.21541914604870402,,6,195
1,411,423,417,13,225.1,226.3,225.7,1.200000000000017,-0.5432478794724632,,13,112
1,433,464,449,32,227.3,230.4,228.9,3.0999999999999943,0.2059191232855212,,32,28
1,478,524,501,47,231.8,236.4,234.1,4.599999999999994,0.6285761704706797,,47,15
1,539,556,548,18,237.9,239.6,238.8,1.6999999999999886,0.5446997970560067,,18,72
1,568,576,572,9,240.8,241.6,241.2,0.799999999999983,0.4965244573136972,,9,163
1,588,598,593,11,242.8,243.8,243.3,1.0,0.2686744772091787,,11,135
1,628,639,634,12,246.8,247.9,247.4,1.0999999999999943,0.7459100639889203,,12,118
1,649,680,665,32,248.9,252.0,250.5,3.0999999999999943,0.5474708756283562,,32,29
1,758,767,763,10,259.8,260.7,260.3,0.8999999999999773,0.6403060688348298,,10,151
1,778,800,789,23,261.8,264.0,262.9,2.1999999999999886,0.610084681170378,,23,56
1,819,832,826,14,265.9,267.2,266.6,1.3000000000000114,-0.1494477386243597,,14,106
1,989,992,991,4,282.9,283.2,283.1,0.30000000000001137,-0.3128870831792116,Approach,4,218
1,1202,1218,1210,17,304.2,305.8,305.0,1.6000000000000227,-0.9325205844503413,,17,79
1,1289,1328,1309,40,312.9,316.8,314.9,3.900000000000034,0.009249764508095237,,40,22
1,1341,1402,1372,62,318.1,324.2,321.2,6.099999999999966,0.08125210657791353,,62,7
1,1529,1554,1542,26,336.9,339.4,338.2,2.5,-1.2675382726080455,,26,44
1,1603,1621,1612,19,344.3,346.1,345.2,1.8000000000000114,-1.7429067833146923,,19,68
1,1686,1696,1691,11,352.6,353.6,353.1,1.0,-1.3063689866501274,,11,136
1,1703,1715,1709,13,354.3,355.5,354.9,1.1999999999999886,-1.5036539984333837,,13,113
1,1745,1754,1750,10,358.5,359.4,359.0,0.8999999999999773,-1.592076859536526,,10,152
1,1762,1826,1794,65,360.2,366.6,363.4,6.400000000000034,-1.6832279429238848,,65,5
1,1844,1855,1850,12,368.4,369.5,369.0,1.1000000000000227,-1.5844499436990036,,12,119
1,1863,1868,1866,6,370.3,370.8,370.6,0.5,-1.1605186448015516,,6,196
1,1881,1893,1887,13,372.1,373.3,372.7,1.1999999999999886,-1.0925735805732344,,13,114
1,2284,2323,2304,40,412.4,416.3,414.4,3.900000000000034,-0.6912388598191093,,40,23
1,2505,2551,2528,47,434.5,439.1,436.8,4.600000000000023,0.09285645840081311,,47,16
1,2610,2614,2612,5,445.0,445.4,445.2,0.39999999999997726,0.11775619657158223,,5,209
1,2631,2637,2634,7,447.1,447.7,447.4,0.5999999999999659,-0.0035073129886534216,,7,187
1,2716,2766,2741,51,455.6,460.6,458.1,5.0,-0.45526647092813266,,51,10
1,2782,2805,2794,24,462.2,464.5,463.4,2.3000000000000114,-0.017539223403771394,,24,49
1,2825,2836,2831,12,466.5,467.6,467.1,1.1000000000000227,0.30934198312332745,,12,120
1,2851,2879,2865,29,469.1,471.9,470.5,2.7999999999999545,-0.27704403633085994,,29,38
1,2891,2893,2892,3,473.1,473.3,473.2,0.19999999999998863,-0.46817240511478736,,3,222
1,2908,2945,2927,38,474.8,478.5,476.7,3.6999999999999886,0.13603107509996035,,38,25
1,2953,2972,2963,20,479.3,481.2,480.3,1.8999999999999773,-0.8549992382488952,,20,64
1,2986,3002,2994,17,482.6,484.2,483.4,1.599999999999966,-0.7481441930526492,,17,80
1,3056,3066,3061,11,489.6,490.6,490.1,1.0,-0.9160513860462689,,11,137
1,3079,3084,3082,6,491.9,492.4,492.2,0.5,-0.3082717357065982,,6,197
1,3095,3106,3101,12,493.5,494.6,494.1,1.1000000000000227,0.06024554831952506,,12,121
1,3160,3174,3167,15,500.0,501.4,500.7,1.3999999999999773,-0.17654546101067586,,15,102
1,3184,3190,3187,7,502.4,503.0,502.7,0.6000000000000227,-0.4930802580236099,,7,188
1,3198,3200,3199,3,503.8,504.0,503.9,0.19999999999998863,-0.9848366875454401,,3,223
1,3204,3214,3209,11,504.4,505.4,504.9,1.0,-0.664610221153333,,11,138
1,3266,3275,3271,10,510.6,511.5,511.1,0.8999999999999773,-0.25321596825650866,,10,153
1,3288,3297,3293,10,512.8,513.7,513.3,0.900000000000091,-0.29678447924031937,,10,154
1,3321,3330,3326,10,516.1,517.0,516.6,0.8999999999999773,-0.41886131130397974,,10,155
1,3342,3361,3352,20,518.2,520.1,519.2,1.8999999999999773,-0.7937371498482194,,20,65
1,3372,3381,3377,10,521.2,522.1,521.7,0.8999999999999773,-0.9669574593375888,,10,156
1,3554,3579,3567,26,539.4,541.9,540.7,2.5,0.4509436161934511,,26,45
1,3601,3628,3615,28,544.1,546.8,545.5,2.699999999999932,-0.3395191127764631,,28,39
1,3646,3653,3650,8,548.6,549.3,549.0,0.6999999999999318,1.1182220510570489,,8,174
1,3969,3977,3973,9,580.9,581.7,581.3,0.8000000000000682,-0.12814834021699906,,9,164
1,3999,4005,4002,7,583.9,584.5,584.2,0.6000000000000227,-0.17243943308957582,,7,189
1,4034,4074,4054,41,587.4,591.4,589.4,4.0,0.9398480506104663,,41,21
1,4088,4090,4089,3,592.8,593.0,592.9,0.20000000000004547,0.9211116090587934,,3,224
1,4136,4147,4142,12,597.6,598.7,598.2,1.1000000000000227,0.23915079198793598,,12,122
1,4174,4187,4181,14,601.4,602.7,602.1,1.3000000000000682,0.2655070092674122,,14,107
1,4273,4283,4278,11,611.3,612.3,611.8,1.0,-0.226950052115612,,11,139
1,4310,4325,4318,16,615.0,616.5,615.8,1.5,-0.013804358037487544,,16,90
1,4340,4350,4345,11,618.0,619.0,618.5,1.0,0.6928531284358891,,11,140
1,4363,4369,4366,7,620.3,620.9,620.6,0.6000000000000227,0.030804955430200138,,7,190
1,4404,4415,4410,12,624.4,625.5,625.0,1.1000000000000227,0.6330558738321738,,12,123
1,4466,4478,4472,13,630.6,631.8,631.2,1.1999999999999318,0.1970114447942936,,13,115
1,4566,4581,4574,16,640.6,642.1,641.4,1.5,0.2639871920927509,,16,91
1,4589,4599,4594,11,642.9,643.9,643.4,1.0,-0.31309763053118433,,11,141
1,4620,4637,4629,18,646.0,647.7,646.9,1.7000000000000455,-0.5691756084272366,,18,73
1,4646,4657,4652,12,648.6,649.7,649.2,1.1000000000000227,-0.942093790015251,,12,124
1,4752,4777,4765,26,659.2,661.7,660.5,2.5,-0.25520165510808146,,26,46
1,4808,4813,4811,6,664.8,665.3,665.1,0.5,1.0971566082232274,,6,198
1,4856,4879,4868,24,669.6,671.9,670.8,2.2999999999999545,0.6942035578983708,,24,50
1,4895,4926,4911,32,673.5,676.6,675.1,3.1000000000000227,0.18091030328850274,,32,30
1,4958,5003,4981,46,679.8,684.3,682.1,4.5,0.8507606084478259,,46,17
1,5014,5019,5017,6,685.4,685.9,685.7,0.5,-0.16897095782429636,,6,199
1,5090,5124,5107,35,693.0,696.4,694.7,3.3999999999999773,0.3748018917693021,,35,26
1,5137,5143,5140,7,697.7,698.3,698.0,0.599999999999909,-0.5098644245760886,,7,191
1,5267,5308,5288,42,710.7,714.8,712.8,4.099999999999909,-0.03168325895051684,,42,20
1,5319,5370,5345,52,715.9,721.0,718.5,5.100000000000023,0.2397273797776695,,52,9
1,5438,5443,5441,6,727.8,728.3,728.1,0.5,-0.47620589286897247,,6,200
1,5449,5465,5457,17,728.9,730.5,729.7,1.6000000000000227,-0.31453167815734595,,17,81
1,5473,5480,5477,8,731.3,732.0,731.7,0.7000000000000455,0.1265063618957094,,8,175
1,5509,5540,5525,32,734.9,738.0,736.5,3.1000000000000227,-0.3468828084406218,,32,31
1,5575,5591,5583,17,741.5,743.1,742.3,1.6000000000000227,-1.131938108395625,,17,82
1,5605,5610,5608,6,744.5,745.0,744.8,0.5,-0.8472477126002357,,6,201
1,5716,5718,5717,3,755.6,755.8,755.7,0.1999999999999318,-0.9999692470451512,,3,225
1,5743,5758,5751,16,758.3,759.8,759.1,1.5,-1.340026612924316,,16,92
1,5762,5777,5770,16,760.2,761.7,761.0,1.5,-0.6854686785020601,,16,93
1,5794,5801,5798,8,763.4,764.1,763.8,0.7000000000000455,-0.3982910144614357,,8,176
1,5896,5922,5909,27,773.6,776.2,774.9,2.6000000000000227,-1.2423839493793762,,27,41
1,6140,6144,6142,5,867.6,868.0,867.8,0.39999999999997726,-0.41259362894774887,,5,210
1,6159,6223,6191,65,869.5,875.9,872.7,6.399999999999977,-0.5616439331377823,,65,6
1,6262,6268,6265,7,879.8,880.4,880.1,0.6000000000000227,0.9324885759834124,,7,192
1,6326,6343,6335,18,886.2,887.9,887.1,1.6999999999999318,0.014851993467692745,,18,74
1,6351,6361,6356,11,888.7,889.7,889.2,1.0,-0.396498598096604,,11,142
1,6615,6626,6621,12,915.1,916.2,915.7,1.1000000000000227,-0.5074315892584084,,12,125
1,6732,6751,6742,20,926.8,928.7,927.8,1.900000000000091,-0.17927839851962696,,20,66
1,6820,6830,6825,11,935.6,936.6,936.1,1.0,-0.7572896976507704,Investigation,11,143
1,6836,6843,6840,8,937.2,937.9,937.6,0.6999999999999318,-0.44030958746370547,,8,177
1,6962,6965,6964,4,949.8,950.1,950.0,0.3000000000000682,-0.4744300969748903,,4,219
1,7139,7144,7142,6,967.5,968.0,967.8,0.5,-0.426751482749585,,6,202
1,7270,7280,7275,11,980.6,981.6,981.1,1.0,0.48489463263265126,,11,144
1,7319,7333,7326,15,985.5,986.9,986.2,1.3999999999999773,0.10118804088229583,,15,103
1,7370,7409,7390,40,990.6,994.5,992.6,3.8999999999999773,-0.11973720342116914,,40,24
1,7421,7423,7422,3,995.7,995.9,995.8,0.1999999999999318,-1.0722424061929765,,3,226
1,7605,7655,7630,51,1014.1,1019.1,1016.6,5.0,-0.6335126986889353,,51,11
1,7685,7703,7694,19,1022.1,1023.9,1023.0,1.7999999999999545,-1.1600976728342085,,19,69
1,7718,7723,7721,6,1025.4,1025.9,1025.7,0.5,-0.7093374188200247,,6,203
1,7736,7749,7743,14,1027.2,1028.5,1027.9,1.2999999999999545,-0.6585530461030753,,14,108
1,7759,7779,7769,21,1029.5,1031.5,1030.5,2.0,-0.20141378825566789,,21,60
1,7787,7802,7795,16,1032.3,1033.8,1033.1,1.5,-0.216844104455675,,16,94
1,7815,7831,7823,17,1035.1,1036.7,1035.9,1.6000000000001364,-0.5801325674539561,,17,83
1,7850,7859,7855,10,1038.6,1039.5,1039.1,0.900000000000091,-1.1127718330749363,,10,157
1,7933,7960,7947,28,1046.9,1049.6,1048.3,2.699999999999818,-0.8638426115456891,,28,40
1,7993,7995,7994,3,1052.9,1053.1,1053.0,0.1999999999998181,-0.449342500938021,,3,227
1,8027,8043,8035,17,1056.3,1057.9,1057.1,1.6000000000001364,0.544393136377056,,17,84
1,8052,8058,8055,7,1058.8,1059.4,1059.1,0.6000000000001364,0.626970681379594,,7,193
1,8075,8084,8080,10,1061.1,1062.0,1061.6,0.900000000000091,-0.003366842445298809,,10,158
1,8092,8139,8116,48,1062.8,1067.5,1065.2,4.7000000000000455,0.472659715068981,,48,14
1,8151,8181,8166,31,1068.7,1071.7,1070.2,3.0,0.32161101253764796,,31,34
1,8207,8222,8215,16,1074.3,1075.8,1075.1,1.5,1.0427099707893104,,16,95
1,8226,8236,8231,11,1076.2,1077.2,1076.7,1.0,0.7998162787096813,,11,145
1,8274,8300,8287,27,1081.0,1083.6,1082.3,2.599999999999909,-0.0183600138075072,,27,42
1,8308,8323,8316,16,1084.4,1085.9,1085.2,1.5,0.2817217552025745,,16,96
1,8382,8403,8393,22,1091.8,1093.9,1092.9,2.1000000000001364,0.20468594809643578,,22,58
1,8419,8439,8429,21,1095.5,1097.5,1096.5,2.0,-0.1636346388095411,,21,61
1,8447,8452,8450,6,1098.3,1098.8,1098.6,0.5,0.12345988088622073,,6,204
1,8528,8530,8529,3,1106.4,1106.6,1106.5,0.1999999999998181,-0.7473914092696045,,3,228
1,8547,8551,8549,5,1108.3,1108.7,1108.5,0.40000000000009095,-1.0284101146872784,,5,211
1,8562,8569,8566,8,1109.8,1110.5,1110.2,0.7000000000000455,-0.4291028717667807,,8,178
1,8647,8656,8652,10,1118.3,1119.2,1118.8,0.900000000000091,1.5086657429943724,,10,159
1,8712,8731,8722,20,1124.8,1126.7,1125.8,1.900000000000091,4.035280253160066,,20,67
1,8745,8761,8753,17,1128.1,1129.7,1128.9,1.6000000000001364,2.324044106410418,,17,85
1,8772,8795,8784,24,1130.8,1133.1,1132.0,2.2999999999999545,1.540315538841364,,24,51
1,8801,8811,8806,11,1133.7,1134.7,1134.2,1.0,2.1996323495814143,,11,146
1,8821,8829,8825,9,1135.7,1136.5,1136.1,0.7999999999999545,1.8939644184903106,,9,165
1,8836,8844,8840,9,1137.2,1138.0,1137.6,0.7999999999999545,1.7339189736992386,,9,166
1,8863,8872,8868,10,1139.9,1140.8,1140.4,0.8999999999998636,3.2294033493878826,,10,160
1,9183,9190,9187,8,1181.2,1181.9,1181.6,0.7000000000000455,0.2587700979605938,,8,179
1,9203,9211,9207,9,1183.2,1184.0,1183.6,0.7999999999999545,0.6173757800776604,,9,167
1,9292,9301,9297,10,1192.1,1193.0,1192.6,0.900000000000091,0.6732798681700913,Approach,10,161
1,9306,9395,9351,90,1193.5,1202.4,1198.0,8.900000000000091,0.7080156682536128,Investigation,90,2
1,9418,9422,9420,5,1204.7,1205.1,1204.9,0.3999999999998636,2.2913278038640836,Investigation,5,212
1,9441,9473,9457,33,1207.0,1210.2,1208.6,3.2000000000000455,0.8197769905446879,Investigation,33,27
1,9482,9513,9498,32,1211.1,1214.2,1212.7,3.1000000000001364,0.42230002622206947,,32,32
1,9528,9541,9535,14,1215.7,1217.0,1216.4,1.2999999999999545,0.5765216230494258,,14,109
1,9557,9570,9564,14,1218.6,1219.9,1219.3,1.300000000000182,0.3303304907332101,,14,110
1,9589,9592,9591,4,1221.8,1222.1,1222.0,0.2999999999999545,0.38018414456738053,,4,220
1,9620,9624,9622,5,1224.9,1225.3,1225.1,0.3999999999998636,0.27767718434174105,,5,213
1,9697,9700,9699,4,1232.6,1232.9,1232.8,0.3000000000001819,-0.37441362647085374,,4,221
1,9712,9716,9714,5,1234.1,1234.5,1234.3,0.40000000000009095,-0.8793814411650072,,5,214
1,9739,9743,9741,5,1236.8,1237.2,1237.0,0.40000000000009095,-0.2964217044561306,,5,215
1,9807,9824,9816,18,1243.6,1245.3,1244.5,1.7000000000000455,-0.5042907420134441,,18,75
1,9845,9850,9848,6,1247.4,1247.9,1247.7,0.5,-0.615224080726656,,6,205
1,9861,9868,9865,8,1249.0,1249.7,1249.4,0.7000000000000455,-0.9921731894959807,,8,180
1,10287,10302,10295,16,1291.6,1293.1,1292.4,1.5,-0.5734757205403422,,16,97
1,10324,10334,10329,11,1295.3,1296.3,1295.8,1.0,-1.0892359920775294,,11,147
1,10350,10361,10356,12,1297.9,1299.0,1298.5,1.099999999999909,-0.5100940859609666,,12,126
1,10366,10373,10370,8,1299.5,1300.2,1299.9,0.7000000000000455,-0.5596187836468491,,8,181
1,10528,10538,10533,11,1315.7,1316.7,1316.2,1.0,-0.6928747623822589,,11,148
1,10545,10549,10547,5,1317.4,1317.8,1317.6,0.3999999999998636,-0.3915992849824801,,5,216
1,10646,10662,10654,17,1327.5,1329.1,1328.3,1.599999999999909,-0.4892885840782316,,17,86
1,10669,10680,10675,12,1329.8,1330.9,1330.4,1.1000000000001364,-0.6670223946997482,,12,127
1,10688,10699,10694,12,1331.7,1332.8,1332.3,1.099999999999909,-0.6652316711632845,,12,128
1,10725,10736,10731,12,1335.4,1336.5,1336.0,1.099999999999909,-0.5072629983588567,,12,129
1,10775,10792,10784,18,1340.4,1342.1,1341.3,1.699999999999818,-0.9004936074625854,,18,76
1,10802,10807,10805,6,1343.1,1343.6,1343.4,0.5,-1.112390798941336,,6,206
1,10818,10843,10831,26,1344.7,1347.2,1346.0,2.5,0.08524830747968616,,26,47
1,10877,10898,10888,22,1350.6,1352.7,1351.7,2.1000000000001364,-0.38432825862439995,,22,59
1,10908,10918,10913,11,1353.7,1354.7,1354.2,1.0,-0.5476527590613762,,11,149
1,10970,10987,10979,18,1359.9,1361.6,1360.8,1.699999999999818,-0.028809743031822464,,18,77
1,11001,11018,11010,18,1363.0,1364.7,1363.9,1.7000000000000455,-0.29243891205638856,,18,78
1,11040,11048,11044,9,1366.9,1367.7,1367.3,0.7999999999999545,-0.6001067715020988,,9,168
1,11319,11335,11327,17,1394.8,1396.4,1395.6,1.6000000000001364,-1.3042665611813857,,17,87
1,11370,11393,11382,24,1399.9,1402.2,1401.1,2.2999999999999545,-0.8410894766922357,,24,52
1,11618,11626,11622,9,1424.7,1425.5,1425.1,0.7999999999999545,1.4966497787413295,,9,169
1,11674,11683,11679,10,1430.3,1431.2,1430.8,0.900000000000091,-0.2688353332084824,,10,162
1,11696,11725,11711,30,1432.5,1435.4,1434.0,2.900000000000091,-0.029573144059102274,,30,36
1,11758,11766,11762,9,1438.7,1439.5,1439.1,0.7999999999999545,0.3080502528789656,,9,170
1,11774,11790,11782,17,1440.3,1441.9,1441.1,1.6000000000001364,-0.03389303653637232,,17,88
1,11796,11803,11800,8,1442.5,1443.2,1442.9,0.7000000000000455,-0.08476609976520222,,8,182
1,11885,11942,11914,58,1451.4,1457.1,1454.3,5.699999999999818,-0.18691099451644108,,58,8
1,11974,11986,11980,13,1460.3,1461.5,1460.9,1.2000000000000455,-0.4900875624441857,,13,116
1,12000,12010,12005,11,1462.9,1463.9,1463.4,1.0,-0.6344353752335513,,11,150
1,12022,12042,12032,21,1465.1,1467.1,1466.1,2.0,-0.10411417418277508,,21,62
1,12182,12193,12188,12,1486.5,1487.6,1487.1,1.099999999999909,0.53435452132319,,12,130
1,12201,12209,12205,9,1488.4,1489.2,1488.8,0.7999999999999545,0.4845964390766595,,9,171
1,12315,12317,12316,3,1499.8,1500.0,1499.9,0.20000000000004547,-0.3241633483078839,Investigation,3,229
1,12326,12338,12332,13,1500.9,1502.1,1501.5,1.199999999999818,0.3041695388573705,Investigation,13,117
1,12354,12374,12364,21,1503.7,1505.7,1504.7,2.0,-0.1512381354614948,,21,63
1,12398,12414,12406,17,1508.1,1509.7,1508.9,1.6000000000001364,-0.06854554212847114,,17,89
1,12444,12459,12452,16,1512.7,1514.2,1513.5,1.5,-0.47828286349537186,,16,98
1,12469,12500,12485,32,1515.2,1518.3,1516.8,3.099999999999909,-0.10676965235941613,,32,33
1,12506,12549,12528,44,1518.9,1523.2,1521.1,4.2999999999999545,-1.0151803756299262,,44,18
1,12609,12620,12615,12,1529.2,1530.3,1529.8,1.099999999999909,-0.9774816267979962,,12,131
1,12660,12666,12663,7,1534.3,1534.9,1534.6,0.6000000000001364,-0.8885519713264972,,7,194
1,12734,12748,12741,15,1541.7,1543.1,1542.4,1.3999999999998636,-0.681389326135332,,15,104
1,12776,12805,12791,30,1545.9,1548.8,1547.4,2.8999999999998636,-0.510390106144757,,30,37
1,12864,12887,12876,24,1554.7,1557.0,1555.9,2.2999999999999545,-0.7406176147446507,,24,53
1,12901,12903,12902,3,1558.4,1558.6,1558.5,0.1999999999998181,-0.7050803172436423,,3,230
1,12991,12999,12995,9,1567.4,1568.2,1567.8,0.7999999999999545,-0.7037967874423783,,9,172
1,13016,13039,13028,24,1569.9,1572.2,1571.1,2.2999999999999545,-0.025085966296474374,,24,54
1,13146,13157,13152,12,1582.9,1584.0,1583.5,1.099999999999909,0.11995481343090182,,12,132
1,13170,13193,13182,24,1585.3,1587.6,1586.5,2.2999999999999545,0.48711097579431833,,24,55
1,13214,13229,13222,16,1589.7,1591.2,1590.5,1.5,-0.1275824612789222,,16,99
1,13245,13252,13249,8,1592.8,1593.5,1593.2,0.7000000000000455,-0.638893401794597,,8,183
1,13267,13278,13273,12,1595.0,1596.1,1595.6,1.099999999999909,-0.558209818630279,,12,133
1,13313,13321,13317,9,1599.6,1600.4,1600.0,0.8000000000001819,0.255733626133503,,9,173
1,13329,13377,13353,49,1601.2,1606.0,1603.6,4.7999999999999545,-0.609001707608781,,49,12
1,13390,13466,13428,77,1607.3,1614.9,1611.1,7.600000000000136,-0.812476996239906,,77,3
1,13668,13675,13672,8,1635.1,1635.8,1635.5,0.7000000000000455,-1.279426664716324,,8,184
1,13682,13687,13685,6,1636.5,1637.0,1636.8,0.5,-0.7164712053315316,,6,207
1,14095,14125,14110,31,1677.8,1680.8,1679.3,3.0,-0.34416354864248666,,31,35
1,14152,14272,14212,121,1683.5,1695.5,1689.5,12.0,0.04209807438073777,,121,1
1,14284,14306,14295,23,1696.7,1698.9,1697.8,2.2000000000000455,0.3996713966848797,,23,57
1,14328,14353,14341,26,1701.1,1703.6,1702.4,2.5,0.31613696062976593,,26,48
1,14365,14383,14374,19,1704.8,1706.6,1705.7,1.7999999999999545,0.011319067788981828,,19,70
1,14396,14422,14409,27,1707.9,1710.5,1709.2,2.599999999999909,-0.6902023111405714,,27,43
1,14430,14437,14434,8,1711.3,1712.0,1711.7,0.7000000000000455,-0.696037335675741,,8,185
1,14467,14471,14469,5,1715.0,1715.4,1715.2,0.40000000000009095,-0.5874874827001092,,5,217
1,14483,14554,14519,72,1716.6,1723.7,1720.2,7.100000000000136,0.024985658667962613,,72,4
1,14849,14891,14870,43,1753.2,1757.4,1755.3,4.2000000000000455,0.43530286138306057,,43,19
1,14937,14950,14944,14,1762.0,1763.3,1762.7,1.2999999999999545,2.566500681603452,,14,111
1,14967,14978,14973,12,1765.0,1766.1,1765.6,1.099999999999909,2.267906207406749,,12,134
1,14994,15012,15003,19,1767.7,1769.5,1768.6,1.7999999999999545,1.6752038244348348,,19,71
1,15056,15061,15059,6,1773.9,1774.4,1774.2,0.5,1.1099492377545015,,6,208
2,33,41,37,9,187.3,188.1,187.7,0.799999999999983,0.9714611893333736,,9,143
2,62,118,90,57,190.2,195.8,193.0,5.600000000000023,3.502258250834733,Investigation,57,7
2,144,161,153,18,198.4,200.1,199.3,1.6999999999999886,1.0106310109836862,,18,76
2,176,201,189,26,201.6,204.1,202.9,2.5,1.0528227595155786,,26,45
2,209,226,218,18,204.9,206.6,205.8,1.6999999999999886,1.5416921762789955,,18,77
2,357,379,368,23,219.7,221.9,220.8,2.200000000000017,0.21960524677087703,,23,52
2,465,477,471,13,230.5,231.7,231.1,1.1999999999999886,0.32969701405064167,,13,116
2,525,538,532,14,236.5,237.8,237.2,1.3000000000000114,0.6496216756432318,,14,109
2,557,567,562,11,239.7,240.7,240.2,1.0,0.3123640036673328,,11,127
2,599,627,613,29,243.9,246.7,245.3,2.799999999999983,0.5295909175922225,,29,39
2,719,757,738,39,255.9,259.7,257.8,3.799999999999983,0.42519966545258076,,39,22
2,768,777,773,10,260.8,261.7,261.3,0.8999999999999773,0.411467860730285,,10,134
2,932,960,946,29,277.2,280.0,278.6,2.8000000000000114,-0.15343143497699843,,29,40
2,993,1029,1011,37,283.3,286.9,285.1,3.599999999999966,0.024914831813742953,,37,24
2,1043,1049,1046,7,288.3,288.9,288.6,0.5999999999999659,-0.6334222370935575,,7,160
2,1068,1088,1078,21,290.8,292.8,291.8,2.0,-0.44610395821055543,,21,61
2,1113,1122,1118,10,295.3,296.2,295.8,0.8999999999999773,-0.5213369604929475,,10,135
2,1140,1152,1146,13,298.0,299.2,298.6,1.1999999999999886,-0.8997267412864427,,13,117
2,1175,1180,1178,6,301.5,302.0,301.8,0.5,-1.5642367943640154,,6,168
2,1219,1252,1236,34,305.9,309.2,307.6,3.3000000000000114,-0.9433554688098589,,34,30
2,1334,1340,1337,7,317.4,318.0,317.7,0.6000000000000227,-0.05538064548582221,,7,161
2,1403,1409,1406,7,324.3,324.9,324.6,0.5999999999999659,0.05096258250499922,,7,162
2,1416,1455,1436,40,325.6,329.5,327.6,3.8999999999999773,-0.5370365516069148,,40,20
2,1523,1528,1526,6,336.3,336.8,336.6,0.5,-1.3172566172982951,,6,169
2,1555,1562,1559,8,339.5,340.2,339.9,0.6999999999999886,-1.6185472743759215,,8,152
2,1716,1744,1730,29,355.6,358.4,357.0,2.7999999999999545,-1.4119140555706489,,29,41
2,1827,1843,1835,17,366.7,368.3,367.5,1.6000000000000227,-1.5584275889671086,,17,82
2,1894,1929,1912,36,373.4,376.9,375.2,3.5,0.324844910288857,,36,26
2,1940,1961,1951,22,378.0,380.1,379.1,2.1000000000000227,-0.1788476838793904,,22,56
2,1974,2013,1994,40,381.4,385.3,383.4,3.900000000000034,-0.5887769473589188,,40,21
2,2123,2130,2127,8,396.3,397.0,396.7,0.6999999999999886,0.368553487815894,,8,153
2,2242,2283,2263,42,408.2,412.3,410.3,4.100000000000023,-1.0950990874840565,,42,16
2,2353,2368,2361,16,419.3,420.8,420.1,1.5,-0.389031036055721,,16,88
2,2374,2391,2383,18,421.4,423.1,422.3,1.7000000000000455,0.05612282857538891,,18,78
2,2486,2504,2495,19,432.6,434.4,433.5,1.7999999999999545,-0.3339250182191847,,19,75
2,2569,2609,2589,41,440.9,444.9,442.9,4.0,-0.09635922955182398,,41,19
2,2615,2630,2623,16,445.5,447.0,446.3,1.5,-0.11041572401457532,,16,89
2,2643,2692,2668,50,448.3,453.2,450.8,4.899999999999977,-0.01538079322054828,,50,8
2,2767,2781,2774,15,460.7,462.1,461.4,1.400000000000034,-0.20815671079878897,,15,97
2,2946,2952,2949,7,478.6,479.2,478.9,0.5999999999999659,0.19184684725467935,,7,163
2,3085,3094,3090,10,492.5,493.4,493.0,0.8999999999999773,-0.6367410188525021,,10,136
2,3191,3197,3194,7,503.1,503.7,503.4,0.5999999999999659,-0.5410781758976696,,7,164
2,3250,3265,3258,16,509.0,510.5,509.8,1.5,-0.11803443424408909,,16,90
2,3298,3300,3299,3,513.8,514.0,513.9,0.20000000000004547,-0.001229724372946231,,3,184
2,3331,3341,3336,11,517.1,518.1,517.6,1.0,-0.9245131136978874,,11,128
2,3362,3371,3367,10,520.2,521.1,520.7,0.8999999999999773,-0.8137154950254676,,10,137
2,3481,3515,3498,35,532.1,535.5,533.8,3.3999999999999773,0.8199094899605929,,35,29
2,3580,3600,3590,21,542.0,544.0,543.0,2.0,-0.3505773819360064,,21,62
2,3629,3645,3637,17,546.9,548.5,547.7,1.6000000000000227,2.149136992155064,,17,83
2,3714,3743,3729,30,555.4,558.3,556.9,2.8999999999999773,-0.01262444076274528,,30,38
2,3767,3833,3800,67,560.7,567.3,564.0,6.599999999999909,2.1382948971201734,,67,4
2,3932,3954,3943,23,577.2,579.4,578.3,2.199999999999932,0.3180750432071214,,23,53
2,4094,4135,4115,42,593.4,597.5,595.5,4.100000000000023,0.5084675137361764,,42,17
2,4148,4173,4161,26,598.8,601.3,600.1,2.5,0.7330236511098165,,26,46
2,4193,4200,4197,8,603.3,604.0,603.7,0.7000000000000455,0.43661100086716753,,8,154
2,4212,4221,4217,10,605.2,606.1,605.7,0.8999999999999773,0.3267452248953278,,10,138
2,4284,4309,4297,26,612.4,614.9,613.7,2.5,-0.19394010893525146,,26,47
2,4326,4339,4333,14,616.6,617.9,617.3,1.2999999999999545,0.4883642068427741,,14,110
2,4357,4362,4360,6,619.7,620.2,620.0,0.5,0.17397376429851355,,6,170
2,4370,4390,4380,21,621.0,623.0,622.0,2.0,1.2372883179864098,,21,63
2,4416,4431,4424,16,625.6,627.1,626.4,1.5,0.7019412988618579,,16,91
2,4437,4445,4441,9,627.7,628.5,628.1,0.7999999999999545,0.35882734662428134,,9,144
2,4479,4521,4500,43,631.9,636.1,634.0,4.2000000000000455,0.21512413533977828,,43,14
2,4658,4681,4670,24,649.8,652.1,651.0,2.300000000000068,-0.6223210816222893,,24,50
2,4739,4751,4745,13,657.9,659.1,658.5,1.2000000000000455,0.027020059698516206,,13,118
2,4839,4855,4847,17,667.9,669.5,668.7,1.6000000000000227,1.0138483976199186,,17,84
2,4880,4894,4887,15,672.0,673.4,672.7,1.3999999999999773,-0.01572460398296789,,15,98
2,5081,5089,5085,9,692.1,692.9,692.5,0.7999999999999545,-0.19969857064515695,,9,145
2,5125,5136,5131,12,696.5,697.6,697.1,1.1000000000000227,-0.2526270858271315,,12,121
2,5221,5266,5244,46,706.1,710.6,708.4,4.5,0.15687168105192434,,46,11
2,5371,5429,5400,59,721.1,726.9,724.0,5.7999999999999545,0.5151144554238012,,59,5
2,5444,5448,5446,5,728.4,728.8,728.6,0.39999999999997726,-0.48847320352109025,,5,177
2,5481,5508,5495,28,732.1,734.8,733.5,2.699999999999932,-0.2306849556365838,,28,43
2,5778,5781,5780,4,761.8,762.1,762.0,0.3000000000000682,-0.3746680356356885,,4,181
2,5947,5980,5964,34,778.7,782.0,780.4,3.2999999999999545,-0.04730336351928382,,34,31
2,5995,6000,5998,6,783.5,784.0,783.8,0.5,0.08613752829107464,,6,171
2,6022,6032,6027,11,855.8,856.8,856.3,1.0,0.023429739343048536,,11,129
2,6103,6139,6121,37,863.9,867.5,865.7,3.6000000000000227,-0.2700897968594635,,37,25
2,6383,6402,6393,20,891.9,893.8,892.9,1.8999999999999773,-0.8437342166824655,,20,68
2,6526,6540,6533,15,906.2,907.6,906.9,1.3999999999999773,-0.42960664649717034,,15,99
2,6591,6607,6599,17,912.7,914.3,913.5,1.599999999999909,-0.46302575108484245,,17,85
2,6627,6648,6638,22,916.3,918.4,917.4,2.1000000000000227,-0.45037034664987136,,22,57
2,6844,6859,6852,16,938.0,939.5,938.8,1.5,-0.6793754334682208,,16,92
2,6872,6877,6875,6,940.8,941.3,941.1,0.5,-0.4877322593084192,,6,172
2,6901,6931,6916,31,943.7,946.7,945.2,3.0,-0.450637573705721,,31,35
2,6966,6972,6969,7,950.2,950.8,950.5,0.599999999999909,-0.20387945922083192,,7,165
2,7036,7049,7043,14,957.2,958.5,957.9,1.2999999999999545,-0.3158762471441414,,14,111
2,7061,7077,7069,17,959.7,961.3,960.5,1.599999999999909,0.12524171072950802,,17,86
2,7098,7128,7113,31,963.4,966.4,964.9,3.0,0.5243186016445447,,31,36
2,7145,7149,7147,5,968.1,968.5,968.3,0.39999999999997726,-0.025078350947771434,,5,178
2,7205,7219,7212,15,974.1,975.5,974.8,1.3999999999999773,0.5884937022879946,,15,100
2,7235,7242,7239,8,977.1,977.8,977.5,0.6999999999999318,0.04951687952786571,,8,155
2,7249,7262,7256,14,978.5,979.8,979.2,1.2999999999999545,0.7051381613767037,,14,112
2,7281,7318,7300,38,981.7,985.4,983.6,3.699999999999932,0.5124642882414937,,38,23
2,7334,7369,7352,36,987.0,990.5,988.8,3.5,0.1578904210315019,,36,27
2,7410,7420,7415,11,994.6,995.6,995.1,1.0,-0.48915398671583754,,11,130
2,7493,7513,7503,21,1002.9,1004.9,1003.9,2.0,-0.4639845013030787,,21,64
2,7526,7541,7534,16,1006.2,1007.7,1007.0,1.5,-0.3655484728626956,,16,93
2,7571,7579,7575,9,1010.7,1011.5,1011.1,0.7999999999999545,-0.43076717500163125,,9,146
2,7710,7717,7714,8,1024.6,1025.3,1025.0,0.7000000000000455,-0.7781025930170118,,8,156
2,7905,7932,7919,28,1044.1,1046.8,1045.5,2.7000000000000455,-0.7610793329949451,,28,44
2,8044,8051,8048,8,1058.0,1058.7,1058.4,0.7000000000000455,0.4901886921704941,,8,157
2,8182,8206,8194,25,1071.8,1074.2,1073.0,2.400000000000091,0.4851621705133897,,25,48
2,8360,8364,8362,5,1089.6,1090.0,1089.8,0.40000000000009095,-0.5480341737547226,,5,179
2,8471,8514,8493,44,1100.7,1105.0,1102.9,4.2999999999999545,-0.49539763540925835,,44,13
2,8531,8546,8539,16,1106.7,1108.2,1107.5,1.5,-0.9642931838208542,,16,94
2,8552,8561,8557,10,1108.8,1109.7,1109.3,0.900000000000091,-1.0396533081397372,,10,139
2,8570,8611,8591,42,1110.6,1114.7,1112.7,4.100000000000136,-0.5013505226528433,,42,18
2,8830,8835,8833,6,1136.6,1137.1,1136.9,0.5,2.0291096180306982,,6,173
2,8888,8904,8896,17,1142.4,1144.0,1143.2,1.599999999999909,0.6312473705208166,,17,87
2,9039,9043,9041,5,1166.8,1167.2,1167.0,0.40000000000009095,-0.4087817482666525,,5,180
2,9108,9122,9115,15,1173.7,1175.1,1174.4,1.3999999999998636,1.5998835204900743,,15,101
2,9132,9144,9138,13,1176.1,1177.3,1176.7,1.2000000000000455,0.8333343085415635,,13,119
2,9159,9182,9171,24,1178.8,1181.1,1180.0,2.2999999999999545,0.19559846855571172,,24,51
2,9191,9202,9197,12,1182.0,1183.1,1182.6,1.099999999999909,1.3026383955419611,,12,122
2,9302,9305,9304,4,1193.1,1193.4,1193.3,0.3000000000001819,0.7477067170681748,Approach,4,182
2,9396,9417,9407,22,1202.5,1204.6,1203.6,2.099999999999909,1.3263864451456782,Investigation,22,58
2,9423,9440,9432,18,1205.2,1206.9,1206.1,1.7000000000000455,1.5894821598528888,Investigation,18,79
2,9542,9556,9549,15,1217.1,1218.5,1217.8,1.400000000000091,0.5344091346743357,,15,102
2,9571,9588,9580,18,1220.0,1221.7,1220.9,1.7000000000000455,0.5138713005418367,,18,80
2,9717,9738,9728,22,1234.6,1236.7,1235.7,2.1000000000001364,-0.5003485936784771,,22,59
2,9825,9844,9835,20,1245.4,1247.3,1246.4,1.8999999999998636,-0.7937576724153786,,20,69
2,9851,9860,9856,10,1248.0,1248.9,1248.5,0.900000000000091,-0.5769109185054967,,10,140
2,9953,9988,9971,36,1258.2,1261.7,1260.0,3.5,0.18422799839791257,,36,28
2,10101,10180,10141,80,1273.0,1280.9,1277.0,7.900000000000091,-0.0722909465685397,,80,2
2,10191,10201,10196,11,1282.0,1283.0,1282.5,1.0,-0.8363182662147747,,11,131
2,10242,10261,10252,20,1287.1,1289.0,1288.1,1.900000000000091,-0.45237754922876433,,20,70
2,10303,10323,10313,21,1293.2,1295.2,1294.2,2.0,-0.8509710537344681,,21,65
2,10362,10365,10364,4,1299.1,1299.4,1299.3,0.3000000000001819,-0.6088061289908169,,4,183
2,10374,10394,10384,21,1300.3,1302.3,1301.3,2.0,-0.2950439892120327,,21,66
2,10479,10487,10483,9,1310.8,1311.6,1311.2,0.7999999999999545,0.48490749636890457,,9,147
2,10496,10527,10512,32,1312.5,1315.6,1314.1,3.099999999999909,0.2292136936549206,,32,32
2,10539,10544,10542,6,1316.8,1317.3,1317.1,0.5,-0.5875644202323609,,6,174
2,10587,10645,10616,59,1321.6,1327.4,1324.5,5.800000000000182,-0.23336843136468763,,59,6
2,10663,10668,10666,6,1329.2,1329.7,1329.5,0.5,-0.2988725049065959,,6,175
2,10700,10724,10712,25,1332.9,1335.3,1334.1,2.3999999999998636,-0.5798436909736983,,25,49
2,10793,10801,10797,9,1342.2,1343.0,1342.6,0.7999999999999545,-1.2154455895375413,,9,148
2,10808,10817,10813,10,1343.7,1344.6,1344.2,0.8999999999998636,-0.9528901803192801,,10,141
2,10899,10907,10903,9,1352.8,1353.6,1353.2,0.7999999999999545,-0.4366554969050049,,9,149
2,11049,11060,11055,12,1367.8,1368.9,1368.4,1.1000000000001364,-0.9216005265109483,,12,123
2,11121,11169,11145,49,1375.0,1379.8,1377.4,4.7999999999999545,-0.09415475690551287,,49,10
2,11185,11199,11192,15,1381.4,1382.8,1382.1,1.3999999999998636,-0.7332578647665919,,15,103
2,11231,11250,11241,20,1386.0,1387.9,1387.0,1.900000000000091,-0.7262753109294756,,20,71
2,11301,11318,11310,18,1393.0,1394.7,1393.9,1.7000000000000455,-1.278239273283304,,18,81
2,11351,11365,11358,15,1398.0,1399.4,1398.7,1.400000000000091,-1.4770442994585555,,15,104
2,11485,11495,11490,11,1411.4,1412.4,1411.9,1.0,0.25891632252251173,,11,132
2,11603,11617,11610,15,1423.2,1424.6,1423.9,1.3999999999998636,0.6269548666884572,,15,105
2,11627,11638,11633,12,1425.6,1426.7,1426.2,1.1000000000001364,0.6194579211099807,,12,124
2,11726,11757,11742,32,1435.5,1438.6,1437.1,3.099999999999909,-0.4205371304437272,,32,33
2,11804,11810,11807,7,1443.3,1443.9,1443.6,0.6000000000001364,-0.17236194513349748,,7,166
2,11830,11852,11841,23,1445.9,1448.1,1447.0,2.199999999999818,-0.34033555775005214,,23,54
2,11943,11973,11958,31,1457.2,1460.2,1458.7,3.0,-0.3150761687434327,,31,37
2,11987,11999,11993,13,1461.6,1462.8,1462.2,1.2000000000000455,-0.900668409665851,,13,120
2,12240,12259,12250,20,1492.3,1494.2,1493.3,1.900000000000091,0.06496649260510438,,20,72
2,12293,12314,12304,22,1497.6,1499.7,1498.7,2.1000000000001364,-0.28594510185811245,Approach,22,60
2,12339,12353,12346,15,1502.2,1503.6,1502.9,1.3999999999998636,0.21149770822264663,Investigation,15,106
2,12375,12397,12386,23,1505.8,1508.0,1506.9,2.2000000000000455,-0.15641198734746234,,23,55
2,12415,12443,12429,29,1509.8,1512.6,1511.2,2.7999999999999545,-0.08155962485626492,,29,42
2,12681,12690,12686,10,1536.4,1537.3,1536.9,0.8999999999998636,-0.24018417779363496,,10,142
2,12945,12952,12949,8,1562.8,1563.5,1563.2,0.7000000000000455,-0.09647909975150824,,8,158
2,13000,13015,13008,16,1568.3,1569.8,1569.1,1.5,0.11301997155793529,,16,95
2,13110,13123,13117,14,1579.3,1580.6,1580.0,1.2999999999999545,-0.30996258177453745,,14,113
2,13194,13213,13204,20,1587.7,1589.6,1588.7,1.8999999999998636,-0.15532909288141292,,20,73
2,13230,13244,13237,15,1591.3,1592.7,1592.0,1.400000000000091,-0.15737005707572826,,15,107
2,13378,13389,13384,12,1606.1,1607.2,1606.7,1.1000000000001364,-0.6890943068405216,,12,125
2,13467,13534,13501,68,1615.0,1621.7,1618.4,6.7000000000000455,-0.8379303976059704,,68,3
2,13568,13599,13584,32,1625.1,1628.2,1626.7,3.1000000000001364,-0.4429100612374318,,32,34
2,13657,13667,13662,11,1634.0,1635.0,1634.5,1.0,-1.0969959362743782,,11,133
2,13676,13681,13679,6,1635.9,1636.4,1636.2,0.5,-0.7572646140585544,,6,176
2,13721,13740,13731,20,1640.4,1642.3,1641.4,1.8999999999998636,0.08959728853686297,,20,74
2,13839,13852,13846,14,1652.2,1653.5,1652.9,1.2999999999999545,-0.13664960797597567,,14,114
2,14384,14395,14390,12,1706.7,1707.8,1707.3,1.099999999999909,-0.4002274189909472,,12,126
2,14423,14429,14426,7,1710.6,1711.2,1710.9,0.6000000000001364,-0.39583776231408363,,7,167
2,14438,14445,14442,8,1712.1,1712.8,1712.5,0.7000000000000455,-0.8145755409057838,,8,159
2,14555,14636,14596,82,1723.8,1731.9,1727.9,8.100000000000136,-0.1455014218740348,,82,1
2,14655,14704,14680,50,1733.8,1738.7,1736.3,4.900000000000091,-0.40934623177373586,,50,9
2,14719,14739,14729,21,1740.2,1742.2,1741.2,2.0,-0.5255218826490815,,21,67
2,14753,14798,14776,46,1743.6,1748.1,1745.9,4.5,1.6925542777911564,,46,12
2,14816,14829,14823,14,1749.9,1751.2,1750.6,1.2999999999999545,1.3270647645425593,,14,115
2,14840,14848,14844,9,1752.3,1753.1,1752.7,0.7999999999999545,1.196390657429527,,9,150
2,14951,14966,14959,16,1763.4,1764.9,1764.2,1.5,2.19973787148549,,16,96
2,14979,14993,14986,15,1766.2,1767.6,1766.9,1.3999999999998636,2.044981323052943,,15,108
2,15013,15055,15034,43,1769.6,1773.8,1771.7,4.2000000000000455,1.0159902711279007,,43,15
2,15062,15070,15066,9,1774.5,1775.3,1774.9,0.7999999999999545,0.8071731192482825,,9,151
3,7,18,13,12,184.7,185.8,185.3,1.1000000000000227,0.06856349416687524,,12,107
3,275,305,290,31,211.5,214.5,213.0,3.0,0.4895723077025005,,31,23
3,321,341,331,21,216.1,218.1,217.1,2.0,0.3757360024243567,,21,51
3,386,410,398,25,222.6,225.0,223.8,2.4000000000000057,-0.49165661604539423,,25,42
3,424,432,428,9,226.4,227.2,226.8,0.799999999999983,-0.6660494996088384,,9,142
3,577,587,582,11,241.7,242.7,242.2,1.0,0.20598586278372547,,11,121
3,640,648,644,9,248.0,248.8,248.4,0.8000000000000114,0.2939676622503329,,9,143
3,681,706,694,26,252.1,254.6,253.4,2.5,-0.1885186607004553,,26,38
3,801,818,810,18,264.1,265.8,265.0,1.6999999999999886,0.45950414387344335,,18,62
3,833,848,841,16,267.3,268.8,268.1,1.5,-0.4708390462430619,,16,77
3,859,918,889,60,269.9,275.8,272.9,5.900000000000034,-0.14051123480167918,,60,3
3,1055,1059,1057,5,289.5,289.9,289.7,0.39999999999997726,-0.1332744783642282,,5,180
3,1258,1272,1265,15,309.8,311.2,310.5,1.3999999999999773,-0.6445501919376727,,15,85
3,1476,1479,1478,4,331.6,331.9,331.8,0.2999999999999545,-0.2690595509967847,,4,189
3,1509,1514,1512,6,334.9,335.4,335.2,0.5,-1.2370824969084655,,6,175
3,1581,1602,1592,22,342.1,344.2,343.2,2.099999999999966,-1.7574866993265559,,22,48
3,1622,1685,1654,64,346.2,352.5,349.4,6.300000000000011,-1.3222761244096173,,64,2
3,1697,1702,1700,6,353.7,354.2,354.0,0.5,-1.5749774932881848,,6,176
3,1755,1761,1758,7,359.5,360.1,359.8,0.6000000000000227,-1.620715280101922,,7,158
3,1856,1862,1859,7,369.6,370.2,369.9,0.5999999999999659,-1.4813474540076965,,7,159
3,1869,1880,1875,12,370.9,372.0,371.5,1.1000000000000227,-1.1026443493693812,,12,108
3,2021,2051,2036,31,386.1,389.1,387.6,3.0,-0.09520286618813205,,31,24
3,2081,2110,2096,30,392.1,395.0,393.6,2.8999999999999773,0.14071315323587977,,30,28
3,2146,2155,2151,10,398.6,399.5,399.1,0.8999999999999773,0.6033025353198028,,10,135
3,2324,2332,2328,9,416.4,417.2,416.8,0.8000000000000114,-0.5977313225491939,,9,144
3,2411,2444,2428,34,425.1,428.4,426.8,3.2999999999999545,-0.31699687691529155,,34,19
3,2702,2715,2709,14,454.2,455.5,454.9,1.3000000000000114,0.04827950373068058,,14,89
3,2806,2824,2815,19,464.6,466.4,465.5,1.7999999999999545,-0.5173837721252714,,19,60
3,2837,2850,2844,14,467.7,469.0,468.4,1.3000000000000114,-0.12353775702418911,,14,90
3,2880,2890,2885,11,472.0,473.0,472.5,1.0,-0.1773363864107404,,11,122
3,2894,2907,2901,14,473.4,474.7,474.1,1.3000000000000114,-0.24966397811899257,,14,91
3,2973,2985,2979,13,481.3,482.5,481.9,1.1999999999999886,-0.6785474295403395,,13,95
3,3003,3030,3017,28,484.3,487.0,485.7,2.6999999999999886,-0.45665040989593636,,28,33
3,3039,3055,3047,17,487.9,489.5,488.7,1.6000000000000227,-0.6822922915156814,,17,70
3,3067,3078,3073,12,490.7,491.8,491.3,1.1000000000000227,-0.01628224353507769,,12,109
3,3107,3159,3133,53,494.7,499.9,497.3,5.199999999999989,-0.1819258191065101,,53,5
3,3175,3183,3179,9,501.5,502.3,501.9,0.8000000000000114,0.004214950569835698,,9,145
3,3276,3287,3282,12,511.6,512.7,512.2,1.1000000000000227,-0.7389875216778755,,12,110
3,3311,3314,3313,4,515.1,515.4,515.3,0.2999999999999545,-0.5910209451284627,,4,190
3,3382,3398,3390,17,522.2,523.8,523.0,1.599999999999909,-0.170486991222996,,17,71
3,3419,3435,3427,17,525.9,527.5,526.7,1.6000000000000227,-0.1376892632779916,,17,72
3,3669,3706,3688,38,550.9,554.6,552.8,3.7000000000000455,0.11696661729440253,,38,13
3,3753,3757,3755,5,559.3,559.7,559.5,0.40000000000009095,0.4755173916048692,,5,181
3,3860,3871,3866,12,570.0,571.1,570.6,1.1000000000000227,0.44288195237185723,,12,111
3,3883,3910,3897,28,572.3,575.0,573.7,2.7000000000000455,1.6098891234058412,,28,34
3,3978,3998,3988,21,581.8,583.8,582.8,2.0,0.1502629083414005,,21,52
3,4006,4033,4020,28,584.6,587.3,586.0,2.699999999999932,0.49684696233047704,,28,35
3,4075,4087,4081,13,591.5,592.7,592.1,1.2000000000000455,1.0734693825815536,,13,96
3,4231,4272,4252,42,607.1,611.2,609.2,4.100000000000023,0.028042747612987962,,42,11
3,4397,4403,4400,7,623.7,624.3,624.0,0.599999999999909,1.3721235985825189,,7,160
3,4453,4465,4459,13,629.3,630.5,629.9,1.2000000000000455,0.32966458822083566,,13,97
3,4529,4565,4547,37,636.9,640.5,638.7,3.6000000000000227,0.023349983788843932,,37,15
3,4582,4588,4585,7,642.2,642.8,642.5,0.599999999999909,0.1500426749351493,,7,161
3,4600,4619,4610,20,644.0,645.9,645.0,1.8999999999999773,-0.7924342251479384,,20,56
3,4638,4645,4642,8,647.8,648.5,648.2,0.7000000000000455,-0.46994719265411883,,8,151
3,4688,4699,4694,12,652.8,653.9,653.4,1.1000000000000227,-0.5925867927398052,,12,112
3,4778,4807,4793,30,661.8,664.7,663.3,2.900000000000091,0.18145516703702996,,30,29
3,4814,4832,4823,19,665.4,667.2,666.3,1.8000000000000682,3.4195240409909107,,19,61
3,4927,4957,4942,31,676.7,679.7,678.2,3.0,0.6478125497051634,,31,25
3,5004,5013,5009,10,684.4,685.3,684.9,0.8999999999999773,0.07134350129189261,,10,136
3,5025,5033,5029,9,686.5,687.3,686.9,0.7999999999999545,-0.1719862741731003,,9,146
3,5059,5066,5063,8,689.9,690.6,690.3,0.7000000000000455,-0.08586211836206203,,8,152
3,5144,5178,5161,35,698.4,701.8,700.1,3.3999999999999773,-0.506197239872167,,35,18
3,5466,5472,5469,7,730.6,731.2,730.9,0.6000000000000227,0.11929543464163937,,7,162
3,5541,5574,5558,34,738.1,741.4,739.8,3.2999999999999545,-0.8883020782444196,,34,20
3,5592,5604,5598,13,743.2,744.4,743.8,1.1999999999999318,-1.050433432044199,,13,98
3,5611,5621,5616,11,745.1,746.1,745.6,1.0,-0.66344352606591,,11,123
3,5644,5659,5652,16,748.4,749.9,749.2,1.5,-0.7378978469079808,,16,78
3,5684,5708,5696,25,752.4,754.8,753.6,2.3999999999999773,-0.2859433632921512,,25,43
3,5719,5742,5731,24,755.9,758.2,757.1,2.300000000000068,-0.9429169921312197,,24,46
3,5856,5875,5866,20,769.6,771.5,770.6,1.8999999999999773,-0.4970697809045893,,20,57
3,6004,6016,6010,13,784.4,785.6,785.0,1.2000000000000455,-0.24300788852663918,,13,99
3,6052,6063,6058,12,858.8,859.9,859.4,1.1000000000000227,-0.6579607831186588,,12,113
3,6076,6080,6078,5,861.2,861.6,861.4,0.39999999999997726,-0.7502326946555002,,5,182
3,6148,6158,6153,11,868.4,869.4,868.9,1.0,-0.30648620072147775,,11,124
3,6224,6233,6229,10,876.0,876.9,876.5,0.8999999999999773,-0.09655081896184073,,10,137
3,6243,6255,6249,13,877.9,879.1,878.5,1.2000000000000455,-0.21525163400869418,,13,100
3,6269,6275,6272,7,880.5,881.1,880.8,0.6000000000000227,0.21240089932112474,,7,163
3,6283,6299,6291,17,881.9,883.5,882.7,1.6000000000000227,-0.7408814286024501,,17,73
3,6314,6325,6320,12,885.0,886.1,885.6,1.1000000000000227,-0.8427935093970312,,12,114
3,6344,6350,6347,7,888.0,888.6,888.3,0.6000000000000227,0.4025203950079508,,7,164
3,6362,6377,6370,16,889.8,891.3,890.6,1.5,-1.0525439912141747,,16,79
3,6418,6423,6421,6,895.4,895.9,895.7,0.5,-0.265035337055213,,6,177
3,6467,6486,6477,20,900.3,902.2,901.3,1.900000000000091,-0.3584151839120243,,20,58
3,6669,6683,6676,15,920.5,921.9,921.2,1.3999999999999773,-0.4115719834580734,,15,86
3,6706,6731,6719,26,924.2,926.7,925.5,2.5,0.512549402918736,,26,39
3,6752,6767,6760,16,928.8,930.3,929.6,1.5,-0.6207350214782602,,16,80
3,6775,6777,6776,3,931.1,931.3,931.2,0.1999999999999318,-0.4098078983702189,,3,194
3,6831,6835,6833,5,936.7,937.1,936.9,0.39999999999997726,-0.48715892074466893,Investigation,5,183
3,6990,7026,7008,37,952.6,956.2,954.4,3.6000000000000227,0.1996512031627864,,37,16
3,7085,7089,7087,5,962.1,962.5,962.3,0.39999999999997726,-0.252680152594579,,5,184
3,7134,7138,7136,5,967.0,967.4,967.2,0.39999999999997726,-0.2158471355006244,,5,185
3,7437,7443,7440,7,997.3,997.9,997.6,0.6000000000000227,-0.4478709869009294,,7,165
3,7472,7484,7478,13,1000.8,1002.0,1001.4,1.2000000000000455,-0.1507481616333831,,13,101
3,7585,7604,7595,20,1012.1,1014.0,1013.1,1.8999999999999773,0.007022130837181872,,20,59
3,7656,7676,7666,21,1019.2,1021.2,1020.2,2.0,-1.1216670803767261,,21,53
3,7724,7735,7730,12,1026.0,1027.1,1026.6,1.099999999999909,-0.7216373543751073,,12,115
3,7750,7758,7754,9,1028.6,1029.4,1029.0,0.8000000000001819,-0.23138914784563192,,9,147
3,7780,7786,7783,7,1031.6,1032.2,1031.9,0.6000000000001364,-0.6895035947999395,,7,166
3,7803,7814,7809,12,1033.9,1035.0,1034.5,1.099999999999909,-0.4015462435405818,,12,116
3,7832,7849,7841,18,1036.8,1038.5,1037.7,1.7000000000000455,-0.6003727128358199,,18,63
3,7860,7877,7869,18,1039.6,1041.3,1040.5,1.7000000000000455,-1.375013871100343,,18,64
3,7961,7992,7977,32,1049.7,1052.8,1051.3,3.099999999999909,-0.7893927944314583,,32,22
3,7996,8026,8011,31,1053.2,1056.2,1054.7,3.0,-0.47892260198807174,,31,26
3,8067,8074,8071,8,1060.3,1061.0,1060.7,0.7000000000000455,-0.09731360709319423,,8,153
3,8085,8091,8088,7,1062.1,1062.7,1062.4,0.6000000000001364,-0.016486562258979088,,7,167
3,8140,8150,8145,11,1067.6,1068.6,1068.1,1.0,0.41493704587360813,,11,125
3,8237,8266,8252,30,1077.3,1080.2,1078.8,2.900000000000091,0.10088051599058442,,30,30
3,8301,8307,8304,7,1083.7,1084.3,1084.0,0.599999999999909,-0.3798588782394838,,7,168
3,8324,8336,8330,13,1086.0,1087.2,1086.6,1.2000000000000455,-0.11915161271300048,,13,102
3,8350,8352,8351,3,1088.6,1088.8,1088.7,0.20000000000004547,0.0052663740896541356,,3,195
3,8372,8375,8374,4,1090.8,1091.1,1091.0,0.2999999999999545,0.5279145439320986,,4,191
3,8440,8446,8443,7,1097.6,1098.2,1097.9,0.6000000000001364,-0.26529145011347,,7,169
3,8453,8462,8458,10,1098.9,1099.8,1099.4,0.8999999999998636,-0.15205681386471154,,10,138
3,8620,8646,8633,27,1115.6,1118.2,1116.9,2.6000000000001364,-0.17528967252720395,,27,36
3,8657,8711,8684,55,1119.3,1124.7,1122.0,5.400000000000091,6.141380164864081,,55,4
3,8762,8771,8767,10,1129.8,1130.7,1130.3,0.900000000000091,1.9457588041921512,,10,139
3,8796,8800,8798,5,1133.2,1133.6,1133.4,0.3999999999998636,1.4411742265086152,,5,186
3,8812,8820,8816,9,1134.8,1135.6,1135.2,0.7999999999999545,1.988638689784057,,9,148
3,8845,8862,8854,18,1138.1,1139.8,1139.0,1.7000000000000455,2.931872575451565,,18,65
3,8916,8963,8940,48,1145.2,1149.9,1147.6,4.7000000000000455,0.9438186794715343,,48,9
3,8990,9006,8998,17,1152.6,1154.2,1153.4,1.6000000000001364,0.6239444402690995,,17,74
3,9066,9078,9072,13,1169.5,1170.7,1170.1,1.2000000000000455,-0.11358715825628328,,13,103
3,9084,9096,9090,13,1171.3,1172.5,1171.9,1.2000000000000455,0.5470377327879926,,13,104
3,9212,9233,9223,22,1184.1,1186.2,1185.2,2.1000000000001364,0.5195887551114466,,22,49
3,9241,9256,9249,16,1187.0,1188.5,1187.8,1.5,0.4197209478648336,,16,81
3,9268,9291,9280,24,1189.7,1192.0,1190.9,2.2999999999999545,1.1081196971554947,Approach,24,47
3,9474,9481,9478,8,1210.3,1211.0,1210.7,0.7000000000000455,0.9352566679912082,Investigation,8,154
3,9514,9527,9521,14,1214.3,1215.6,1215.0,1.2999999999999545,0.4554324351173481,,14,92
3,9598,9619,9609,22,1222.7,1224.8,1223.8,2.099999999999909,0.12909152866001483,,22,50
3,9636,9639,9638,4,1226.5,1226.8,1226.7,0.2999999999999545,-0.023332216401240002,,4,192
3,9657,9681,9669,25,1228.6,1231.0,1229.8,2.400000000000091,-0.25499635482010835,,25,44
3,9701,9711,9706,11,1233.0,1234.0,1233.5,1.0,-0.788679175462656,,11,126
3,9749,9798,9774,50,1237.8,1242.7,1240.3,4.900000000000091,-0.9281569173367439,,50,7
3,9869,9895,9882,27,1249.8,1252.4,1251.1,2.6000000000001364,-0.14360691430088188,,27,37
3,9916,9931,9924,16,1254.5,1256.0,1255.3,1.5,-0.39589261402846543,,16,82
3,10009,10018,10014,10,1263.8,1264.7,1264.3,0.900000000000091,0.8369014085173619,,10,140
3,10028,10044,10036,17,1265.7,1267.3,1266.5,1.599999999999909,0.9967183793070662,,17,75
3,10072,10089,10081,18,1270.1,1271.8,1271.0,1.7000000000000455,-0.18715762618325135,,18,66
3,10335,10349,10342,15,1296.4,1297.8,1297.1,1.3999999999998636,-0.8042963846084806,,15,87
3,10442,10452,10447,11,1307.1,1308.1,1307.6,1.0,-0.3224186278840307,,11,127
3,10567,10578,10573,12,1319.6,1320.7,1320.2,1.1000000000001364,-0.7537050520546754,,12,117
3,10681,10687,10684,7,1331.0,1331.6,1331.3,0.599999999999909,-0.6669069836365314,,7,170
3,10737,10774,10756,38,1336.6,1340.3,1338.5,3.7000000000000455,-0.45841652382331344,,38,14
3,10848,10865,10857,18,1347.7,1349.4,1348.6,1.7000000000000455,-0.5470646358854595,,18,67
3,10919,10969,10944,51,1354.8,1359.8,1357.3,5.0,-0.44173530919834275,,51,6
3,10988,11000,10994,13,1361.7,1362.9,1362.3,1.2000000000000455,-0.1735846986185652,,13,105
3,11019,11039,11029,21,1364.8,1366.8,1365.8,2.0,-0.2950781396109552,,21,54
3,11068,11083,11076,16,1369.7,1371.2,1370.5,1.5,-0.006349219442635466,,16,83
3,11175,11178,11177,4,1380.4,1380.7,1380.6,0.2999999999999545,-1.0581111208225364,,4,193
3,11206,11223,11215,18,1383.5,1385.2,1384.4,1.7000000000000455,-0.3751756693311653,,18,68
3,11269,11293,11281,25,1389.8,1392.2,1391.0,2.400000000000091,-0.8176222247495373,,25,45
3,11336,11346,11341,11,1396.5,1397.5,1397.0,1.0,-1.4330866552130053,,11,128
3,11394,11474,11434,81,1402.3,1410.3,1406.3,8.0,0.6907636060526748,,81,1
3,11523,11536,11530,14,1415.2,1416.5,1415.9,1.2999999999999545,-0.9075547482231594,,14,93
3,11645,11673,11659,29,1427.4,1430.2,1428.8,2.7999999999999545,-0.18858606785887216,,29,31
3,11684,11695,11690,12,1431.3,1432.4,1431.9,1.1000000000001364,-0.12710884628266164,,12,118
3,11767,11773,11770,7,1439.6,1440.2,1439.9,0.6000000000001364,0.2395893731908129,,7,171
3,11791,11795,11793,5,1442.0,1442.4,1442.2,0.40000000000009095,-0.18762077366940857,,5,187
3,11859,11884,11872,26,1448.8,1451.3,1450.1,2.5,-0.7438158910468923,,26,40
3,12011,12021,12016,11,1464.0,1465.0,1464.5,1.0,0.006201016932451503,,11,129
3,12043,12050,12047,8,1467.2,1467.9,1467.6,0.7000000000000455,-0.0256258978363577,,8,155
3,12070,12077,12074,8,1475.3,1476.0,1475.7,0.7000000000000455,-0.04293992032674612,,8,156
3,12176,12181,12179,6,1485.9,1486.4,1486.2,0.5,0.5069163929760363,,6,178
3,12194,12200,12197,7,1487.7,1488.3,1488.0,0.599999999999909,0.36284312206175223,,7,172
3,12210,12227,12219,18,1489.3,1491.0,1490.2,1.7000000000000455,0.47216985147044327,,18,69
3,12284,12289,12287,6,1496.7,1497.2,1497.0,0.5,-0.38781279785153605,Approach,6,179
3,12318,12325,12322,8,1500.1,1500.8,1500.5,0.7000000000000455,0.006337762893832505,Investigation,8,157
3,12460,12468,12464,9,1514.3,1515.1,1514.7,0.7999999999999545,-0.4197908332317341,,9,149
3,12501,12505,12503,5,1518.4,1518.8,1518.6,0.3999999999998636,0.007838222738810042,,5,188
3,12566,12594,12580,29,1524.9,1527.7,1526.3,2.7999999999999545,-0.567985476516881,,29,32
3,12598,12608,12603,11,1528.1,1529.1,1528.6,1.0,-0.748845028467278,,11,130
3,12621,12659,12640,39,1530.4,1534.2,1532.3,3.7999999999999545,-0.4204884054871042,,39,12
3,12749,12765,12757,17,1543.2,1544.8,1544.0,1.599999999999909,-0.6725957500860826,,17,76
3,12815,12863,12839,49,1549.8,1554.6,1552.2,4.7999999999999545,0.2563944990792231,,49,8
3,12888,12900,12894,13,1557.1,1558.3,1557.7,1.2000000000000455,-0.7203141037777208,,13,106
3,12960,12990,12975,31,1564.3,1567.3,1565.8,3.0,-0.6235159240907527,,31,27
3,13075,13085,13080,11,1575.8,1576.8,1576.3,1.0,0.5884784784363066,,11,131
3,13158,13169,13164,12,1584.1,1585.2,1584.7,1.1000000000001364,0.3539019776378766,,12,119
3,13253,13266,13260,14,1593.6,1594.9,1594.3,1.300000000000182,-0.6922540981985081,,14,94
3,13279,13312,13296,34,1596.2,1599.5,1597.9,3.2999999999999545,0.11517282643837388,,34,21
3,13322,13328,13325,7,1600.5,1601.1,1600.8,0.599999999999909,-0.4405981941394483,,7,173
3,13541,13547,13544,7,1622.4,1623.0,1622.7,0.599999999999909,-0.6799589519519716,,7,174
3,13755,13770,13763,16,1643.8,1645.3,1644.6,1.5,-0.17515295093492006,,16,84
3,13791,13800,13796,10,1647.4,1648.3,1647.9,0.8999999999998636,-0.3671339825178659,,10,141
3,13805,13819,13812,15,1648.8,1650.2,1649.5,1.400000000000091,-0.6743241672867532,,15,88
3,13932,13940,13936,9,1661.5,1662.3,1661.9,0.7999999999999545,0.3773347412122672,,9,150
3,14042,14077,14060,36,1672.5,1676.0,1674.3,3.5,0.011623772906423984,,36,17
3,14126,14151,14139,26,1680.9,1683.4,1682.2,2.5,0.5228990083087646,,26,41
3,14273,14283,14278,11,1695.6,1696.6,1696.1,1.0,0.2666151270954205,,11,132
3,14307,14327,14317,21,1699.0,1701.0,1700.0,2.0,0.25301497608549867,,21,55
3,14354,14364,14359,11,1703.7,1704.7,1704.2,1.0,0.23344049453510093,,11,133
3,14455,14466,14461,12,1713.8,1714.9,1714.4,1.1000000000001364,-0.596643679037716,,12,120
3,14472,14482,14477,11,1715.5,1716.5,1716.0,1.0,-0.3117733894406711,,11,134
3,14892,14936,14914,45,1757.5,1761.9,1759.7,4.400000000000091,1.761382075502628,,45,10
