subject_name,bout_phase,syllable,mean_DA,n_frames
p1,Short_Term-1,0,0.7922843132191341,153
p1,Short_Term-1,1,0.5262089995695799,37
p1,Short_Term-1,2,0.7038958808854554,72
p1,Short_Term-1,3,0.7215243186614974,171
p1,Short_Term-1,4,0.8622776571066684,101
p1,Short_Term-1,5,0.8989455489079838,419
p1,Short_Term-1,6,0.5518424207081262,64
p1,Short_Term-1,7,0.416559927215172,328
p1,Short_Term-1,8,0.8424310716076037,46
p1,Short_Term-1,9,0.3138089649791018,28
p1,Short_Term-1,10,0.9826632230242086,334
p1,Short_Term-1,11,0.14794622760303508,30
p1,Short_Term-1,12,0.05741383015805252,17
p1,Short_Term-1,13,-0.18038668988781162,12
p1,Short_Term-1,14,0.2677172607684234,30
p1,Short_Term-1,15,0.07014559389126256,2
p1,Short_Term-1,16,1.333353257115014,4
p1,Short_Term-1,17,1.2186415406179578,19
p1,Short_Term-1,18,0.6506919226768505,150
p1,Short_Term-1,19,1.22636388699846,4
p1,Short_Term-1,20,0.42808882500822054,443
p1,Short_Term-1,21,1.062487019335988,1
p1,Short_Term-1,22,-0.040593334416632695,9
p1,Short_Term-1,23,-0.10785675414068992,2365
p1,Short_Term-1,24,0.11104599286168351,13
p1,Short_Term-1,25,0.17517710420769028,15
p1,Short_Term-1,26,0.8919961629100289,7
p1,Short_Term-1,27,0.02723754614396413,705
p1,Short_Term-1,29,-0.08846402089245745,8
p1,Short_Term-1,30,1.0798570121617737,368
p1,Short_Term-1,31,0.5432816231250653,26
p1,Short_Term-1,32,0.4497136397160619,3
p1,Short_Term-1,34,-0.7160216896244186,3
p1,Short_Term-1,38,0.5070752936025676,3
p1,Short_Term-1,39,-0.0685191629072207,13
p1,Short_Term-1,42,0.49220139053969775,3
p1,Short_Term-1,73,0.8913356605284937,7
p1,Short_Term-1,88,1.0573474474434374,2
p1,Short_Term-2,0,-0.4015485000985349,85
p1,Short_Term-2,1,-0.40690407127587497,37
p1,Short_Term-2,2,-0.5011293798987985,23
p1,Short_Term-2,3,-0.3009693503949387,89
p1,Short_Term-2,4,-0.2424514546936813,28
p1,Short_Term-2,5,-0.2639637250763557,67
p1,Short_Term-2,6,-0.4860379423970117,21
p1,Short_Term-2,7,-0.3660048465144991,95
p1,Short_Term-2,8,0.05340420134149588,77
p1,Short_Term-2,9,-0.5929480699226264,15
p1,Short_Term-2,10,0.08463119314396671,169
p1,Short_Term-2,11,-0.7608131136408103,6
p1,Short_Term-2,12,-0.7803043557892003,3
p1,Short_Term-2,13,-0.7863531694523255,6
p1,Short_Term-2,14,-0.914908839757625,14
p1,Short_Term-2,15,-0.12831233876175832,12
p1,Short_Term-2,16,-0.8660519827082107,4
p1,Short_Term-2,17,-0.6539616811261675,6
p1,Short_Term-2,18,-0.18013786296003445,158
p1,Short_Term-2,19,-1.0079494983504345,2
p1,Short_Term-2,20,-1.0273992284128808,507
p1,Short_Term-2,21,-0.9784565167632979,6
p1,Short_Term-2,22,-0.7301450565088774,2
p1,Short_Term-2,23,-0.4241636853775327,160
p1,Short_Term-2,24,-0.7368784863167698,8
p1,Short_Term-2,26,-0.14952964902216143,9
p1,Short_Term-2,27,0.23894199682489217,549
p1,Short_Term-2,28,0.4023870472287306,2
p1,Short_Term-2,30,-0.11550799892805738,806
p1,Short_Term-2,31,-0.011331620943704879,12
p1,Short_Term-2,32,-0.8535925355306189,1
p1,Short_Term-2,33,-0.0613676356322249,10
p1,Short_Term-2,35,-0.0828132035826893,1
p1,Short_Term-2,37,-0.3812930653438355,2
p1,Short_Term-2,38,-0.4340107204509967,1
p1,Short_Term-2,40,0.5492256036675492,2
p1,Short_Term-2,44,0.8766177686544051,1
p1,Short_Term-2,47,0.051251173365618935,4
p1,Short_Term-2,55,-0.7065632895491963,7
p1,Short_Term-2,88,-0.07635676558300575,2
p1,Short_Term-2,89,0.2609358143752166,3
p1,Novel-1,0,-0.009727523807711642,92
p1,Novel-1,1,0.499397735753731,14
p1,Novel-1,2,-0.105246530737318,27
p1,Novel-1,3,0.22831109834243574,116
p1,Novel-1,4,-0.07549321003725537,24
p1,Novel-1,5,-0.1197687234276253,206
p1,Novel-1,6,-0.06974064159441266,19
p1,Novel-1,7,-0.32170751803592257,256
p1,Novel-1,8,0.7703555842218878,26
p1,Novel-1,9,0.26223043968554594,6
p1,Novel-1,10,-0.11199882853280622,209
p1,Novel-1,11,-0.6743525730299165,19
p1,Novel-1,12,0.4506617159596529,11
p1,Novel-1,13,0.09288453241287394,9
p1,Novel-1,14,0.025230148566493187,9
p1,Novel-1,15,0.6835362601941561,1
p1,Novel-1,16,-0.918489746948123,3
p1,Novel-1,17,1.1459554799945244,4
p1,Novel-1,18,-0.29495104642072,85
p1,Novel-1,19,0.07703351694950981,4
p1,Novel-1,20,-0.2030275389425586,60
p1,Novel-1,21,1.315774730858896,7
p1,Novel-1,22,-0.8682831296882292,5
p1,Novel-1,23,-0.42310654892153776,864
p1,Novel-1,24,2.176351438338741,4
p1,Novel-1,27,0.026357937978032504,300
p1,Novel-1,30,0.002368171306744625,560
p1,Novel-1,32,-0.7346972842950211,3
p1,Novel-1,33,0.4560724615463462,74
p1,Novel-1,34,-0.29238502467684946,2
p1,Novel-1,38,-1.283873670535812,1
p1,Novel-1,39,0.1342309468576116,1
p1,Novel-1,55,1.9216310596346156,2
p1,Novel-1,64,0.2623111242097826,2
p1,Novel-1,82,1.8837776751510034,2
p1,Novel-1,96,-0.07110525273233444,3
p1,Long_Term-1,0,-0.07022193542938952,124
p1,Long_Term-1,1,-0.10743627726441496,36
p1,Long_Term-1,2,-0.2717834284601302,13
p1,Long_Term-1,3,0.06659949414107502,179
p1,Long_Term-1,4,-0.28858324975928323,24
p1,Long_Term-1,5,0.2592093910544908,139
p1,Long_Term-1,6,-0.2878631955707316,13
p1,Long_Term-1,7,0.05618848898049867,437
p1,Long_Term-1,8,-0.11305124560379184,78
p1,Long_Term-1,9,0.6674872045605481,9
p1,Long_Term-1,10,-0.13929650841853722,219
p1,Long_Term-1,11,0.26455632287557174,16
p1,Long_Term-1,12,-0.1382992767375259,28
p1,Long_Term-1,13,0.04313449251823451,11
p1,Long_Term-1,14,-0.30048709748327745,3
p1,Long_Term-1,15,0.5628089667313849,12
p1,Long_Term-1,16,-0.45398630960903047,23
p1,Long_Term-1,17,0.036337496649536845,8
p1,Long_Term-1,18,0.41450390883303934,111
p1,Long_Term-1,19,0.5777519777650725,1
p1,Long_Term-1,20,0.3414360708556373,89
p1,Long_Term-1,21,-0.010922747339239333,6
p1,Long_Term-1,22,-0.1245148810629356,2
p1,Long_Term-1,23,0.243313915794142,1181
p1,Long_Term-1,24,0.11784197851285809,14
p1,Long_Term-1,25,-0.3336074958510815,4
p1,Long_Term-1,27,-0.0831069322447595,162
p1,Long_Term-1,28,-1.2550029023186344,6
p1,Long_Term-1,29,-0.09182019176939048,4
p1,Long_Term-1,30,-0.005890457144276397,151
p1,Long_Term-1,31,0.3859163951078289,18
p1,Long_Term-1,32,-0.6435506771053451,5
p1,Long_Term-1,36,1.3794862100865153,2
p1,Long_Term-1,38,-0.2884377295434949,1
p1,Long_Term-1,42,0.4555894949039542,1
p1,Long_Term-1,62,0.6572584055416937,2
p1,Long_Term-1,67,-0.6128517005428674,2
p2,Short_Term-1,0,0.06469858519252508,484
p2,Short_Term-1,1,0.06626183220654398,147
p2,Short_Term-1,2,0.049764862395576814,58
p2,Short_Term-1,3,0.14533360368477033,663
p2,Short_Term-1,4,0.005422574362632726,95
p2,Short_Term-1,5,0.1387637267835682,845
p2,Short_Term-1,6,0.06444727429409075,25
p2,Short_Term-1,7,-0.1412719035897914,1157
p2,Short_Term-1,8,0.28146233150830574,100
p2,Short_Term-1,9,0.01450826302790548,38
p2,Short_Term-1,10,0.3161182108130334,384
p2,Short_Term-1,11,0.14140200884660103,62
p2,Short_Term-1,12,0.2084450178614866,57
p2,Short_Term-1,13,-0.6353608840712887,7
p2,Short_Term-1,14,1.004957061999029,7
p2,Short_Term-1,15,-0.198054836371931,23
p2,Short_Term-1,16,0.3817841302662777,24
p2,Short_Term-1,17,0.15024325214016415,22
p2,Short_Term-1,18,-0.10958624487899596,226
p2,Short_Term-1,19,0.9775085564592412,1
p2,Short_Term-1,20,-0.06151449402797008,759
p2,Short_Term-1,21,0.787343558473399,14
p2,Short_Term-1,22,-0.1664105208469,3
p2,Short_Term-1,23,-0.24847815225182107,166
p2,Short_Term-1,24,0.015216834347867454,7
p2,Short_Term-1,25,-0.3054185590371111,6
p2,Short_Term-1,26,0.6990174921188781,5
p2,Short_Term-1,27,0.12258300921724521,168
p2,Short_Term-1,28,-0.16348060587547827,13
p2,Short_Term-1,29,0.24362756988263687,11
p2,Short_Term-1,30,-0.5434493379417438,385
p2,Short_Term-1,31,-0.4670648841045158,46
p2,Short_Term-1,34,0.5256263292510348,3
p2,Short_Term-1,36,-0.8790731484779382,7
p2,Short_Term-1,38,0.4794589728426899,1
p2,Short_Term-1,43,1.1412246143598763,1
p2,Short_Term-1,46,-0.31648833549008804,2
p2,Short_Term-1,61,1.7573906826598542,6
p2,Short_Term-1,64,1.1310486646279168,6
p2,Short_Term-1,69,0.0261928622021732,2
p2,Short_Term-1,72,0.9683501230776617,2
p2,Short_Term-1,76,-1.2189815046535577,3
p2,Short_Term-2,0,0.32005171424087364,108
p2,Short_Term-2,1,0.3135698639176632,31
p2,Short_Term-2,2,-0.10536343075155988,5
p2,Short_Term-2,3,0.486745370720351,297
p2,Short_Term-2,4,0.42295013700837275,22
p2,Short_Term-2,5,0.41012821137488525,360
p2,Short_Term-2,6,0.7299044110928654,5
p2,Short_Term-2,7,0.2984662670759438,365
p2,Short_Term-2,8,0.4360338227058568,62
p2,Short_Term-2,9,0.5655648239293867,4
p2,Short_Term-2,10,0.2457800455523605,395
p2,Short_Term-2,11,-0.1121191426695248,74
p2,Short_Term-2,12,0.409855147907477,16
p2,Short_Term-2,13,0.7243875791311611,2
p2,Short_Term-2,14,2.176057492900127,2
p2,Short_Term-2,15,0.15505722675182995,11
p2,Short_Term-2,18,-0.21116629175365864,81
p2,Short_Term-2,20,0.3364156738149484,444
p2,Short_Term-2,21,-0.9691782992241801,3
p2,Short_Term-2,23,-0.28109740962420265,159
p2,Short_Term-2,24,0.378879276321544,19
p2,Short_Term-2,27,0.6626745237411134,321
p2,Short_Term-2,28,-0.0735125585746673,6
p2,Short_Term-2,29,0.2206158810294874,6
p2,Short_Term-2,30,0.5844098909411481,208
p2,Short_Term-2,31,1.7487691330748032,7
p2,Short_Term-2,32,0.2315289654059816,1
p2,Short_Term-2,35,0.49127172949649023,2
p2,Short_Term-2,58,1.2131563838736208,3
p2,Novel-1,0,0.19239634731670488,43
p2,Novel-1,1,0.05956032214543188,21
p2,Novel-1,2,-0.23133394240039915,6
p2,Novel-1,3,0.23276853748997492,112
p2,Novel-1,4,-0.06551287177226392,21
p2,Novel-1,5,-0.24235127820726882,115
p2,Novel-1,6,0.4383187597590122,3
p2,Novel-1,7,-0.06980522543044038,161
p2,Novel-1,8,0.2550920229566386,36
p2,Novel-1,9,0.10552490256707368,6
p2,Novel-1,10,0.3516378653570887,149
p2,Novel-1,11,-0.26320881170913923,22
p2,Novel-1,12,-0.049357735534681924,10
p2,Novel-1,13,-0.21504758038945207,6
p2,Novel-1,16,0.0177863300650962,1
p2,Novel-1,17,0.7115770412884915,1
p2,Novel-1,18,-0.11191076128199832,165
p2,Novel-1,19,0.18956785448864447,6
p2,Novel-1,20,-0.4193423681380503,1430
p2,Novel-1,21,0.41242387680571885,4
p2,Novel-1,23,0.05365308839012088,189
p2,Novel-1,24,-0.2943158578381958,5
p2,Novel-1,25,0.7195460582568559,1
p2,Novel-1,26,0.8956989869280885,8
p2,Novel-1,27,0.42197454262992723,57
p2,Novel-1,28,0.9250146087004165,5
p2,Novel-1,30,-0.5065585497692762,386
p2,Novel-1,33,1.183100531954116,9
p2,Novel-1,35,0.4083796993218703,4
p2,Novel-1,37,0.9684813819247667,10
p2,Novel-1,38,-0.665790927297903,1
p2,Novel-1,41,1.1288505452765907,8
p2,Novel-1,43,1.5317857333243379,2
p2,Novel-1,61,-1.3511450894644867,9
p2,Novel-1,64,0.7880925822065723,1
p2,Novel-1,90,0.5329046276801492,2
p2,Long_Term-1,0,-0.03364306997873808,189
p2,Long_Term-1,1,0.0024948400231104007,62
p2,Long_Term-1,2,0.10145578494284713,78
p2,Long_Term-1,3,0.053844368812320714,199
p2,Long_Term-1,4,0.03716510309092917,97
p2,Long_Term-1,5,0.030147208580275718,421
p2,Long_Term-1,6,0.18926829324565594,44
p2,Long_Term-1,7,0.08383380628519697,524
p2,Long_Term-1,8,-0.0683901688618582,19
p2,Long_Term-1,9,0.05144323780042124,80
p2,Long_Term-1,10,-0.019044440170606,105
p2,Long_Term-1,11,-0.03780389989615672,41
p2,Long_Term-1,12,0.2928275371527145,8
p2,Long_Term-1,13,0.08692827416479032,24
p2,Long_Term-1,14,-0.10202002247494632,17
p2,Long_Term-1,15,0.17827814683818352,7
p2,Long_Term-1,16,0.05153293706192071,15
p2,Long_Term-1,17,0.41577936031670265,3
p2,Long_Term-1,18,0.07606858245651388,61
p2,Long_Term-1,19,-0.08121151403061798,18
p2,Long_Term-1,20,0.2630290254854013,274
p2,Long_Term-1,21,0.12813132072585268,30
p2,Long_Term-1,22,0.12094828714332488,6
p2,Long_Term-1,23,0.03380882269322737,248
p2,Long_Term-1,24,0.25277232949993406,6
p2,Long_Term-1,25,0.20867235826953473,11
p2,Long_Term-1,26,-0.22002513604071175,6
p2,Long_Term-1,27,-0.15426306357489453,79
p2,Long_Term-1,28,0.453903739214245,8
p2,Long_Term-1,29,0.023959470221169447,9
p2,Long_Term-1,30,0.34141138130921256,285
p2,Long_Term-1,31,0.1386260613598801,22
p2,Long_Term-1,32,0.13993787716182562,3
p2,Long_Term-1,34,0.43130172985022147,7
p2,Long_Term-1,38,0.041331680432529556,2
p2,Long_Term-1,39,0.5173674238224152,2
p2,Long_Term-1,60,0.4375160097196716,3
p2,Long_Term-1,62,-0.047044266602812995,2
p2,Long_Term-1,64,-0.4928261698069083,2
p2,Long_Term-1,73,0.2510731441685869,2
p3,Short_Term-1,0,-0.2820178615072156,394
p3,Short_Term-1,1,-0.22735692459016218,92
p3,Short_Term-1,2,-0.26069703532364724,79
p3,Short_Term-1,3,-0.6714223802364123,363
p3,Short_Term-1,4,-0.08076028526145056,76
p3,Short_Term-1,5,-0.5730892239843206,838
p3,Short_Term-1,6,-0.09123403173988753,49
p3,Short_Term-1,7,-0.6919415521340527,808
p3,Short_Term-1,8,-0.3576479580213706,122
p3,Short_Term-1,9,-0.10266738218798452,50
p3,Short_Term-1,10,-0.2668075372428242,510
p3,Short_Term-1,11,0.14198104421423896,86
p3,Short_Term-1,12,-0.21486882187790216,12
p3,Short_Term-1,13,-0.12102224342111034,18
p3,Short_Term-1,14,0.10360010729585595,16
p3,Short_Term-1,15,-0.9496255974506325,16
p3,Short_Term-1,16,0.03964430866889677,36
p3,Short_Term-1,17,-0.06016083506238396,11
p3,Short_Term-1,18,-0.47185420619067225,118
p3,Short_Term-1,19,0.09146603304740294,13
p3,Short_Term-1,20,-0.11858761976866214,1025
p3,Short_Term-1,21,0.1045510756845645,17
p3,Short_Term-1,22,0.8112840715585502,1
p3,Short_Term-1,23,-0.11352287457961384,692
p3,Short_Term-1,24,-0.5428059043821121,15
p3,Short_Term-1,25,-0.7403307035839706,4
p3,Short_Term-1,27,-1.0174541979487435,70
p3,Short_Term-1,28,-0.39327639797913855,29
p3,Short_Term-1,29,0.19192332682779273,7
p3,Short_Term-1,30,-0.16069603365621177,377
p3,Short_Term-1,31,-0.2997784945465041,12
p3,Short_Term-1,32,0.1943163349704764,2
p3,Short_Term-1,34,-0.6169226004585582,5
p3,Short_Term-1,35,1.4057245294940066,16
p3,Short_Term-1,36,-0.4323870606552491,3
p3,Short_Term-1,40,-0.0971838972104119,1
p3,Short_Term-1,42,-0.31324413327612793,2
p3,Short_Term-1,46,-0.7015821503951464,3
p3,Short_Term-1,48,-0.06139057918398933,3
p3,Short_Term-1,51,0.3873090762161251,3
p3,Short_Term-1,53,0.45127330590185233,2
p3,Short_Term-1,54,-0.07624433584632792,5
p3,Short_Term-1,71,-1.8725279530620371,4
p3,Short_Term-2,0,0.15846851893324077,96
p3,Short_Term-2,1,-0.006284492716455886,88
p3,Short_Term-2,2,0.13048047176060398,19
p3,Short_Term-2,3,0.11674682201273985,25
p3,Short_Term-2,4,0.6977664741501086,26
p3,Short_Term-2,5,0.7835877363517322,126
p3,Short_Term-2,6,0.23548369535596886,17
p3,Short_Term-2,7,0.1498343640656015,115
p3,Short_Term-2,8,0.33084646816976626,245
p3,Short_Term-2,9,0.4610649904206874,27
p3,Short_Term-2,10,0.3517555604359219,76
p3,Short_Term-2,11,0.5971205519199089,96
p3,Short_Term-2,12,-0.11124959704278163,86
p3,Short_Term-2,13,0.782944215828651,11
p3,Short_Term-2,15,0.40635611336856653,93
p3,Short_Term-2,16,-0.5435019183357872,2
p3,Short_Term-2,17,-0.6068645507695479,11
p3,Short_Term-2,18,0.6554597437575942,969
p3,Short_Term-2,19,0.04341543208470025,2
p3,Short_Term-2,20,0.9962820736041518,37
p3,Short_Term-2,21,0.9936086859781174,44
p3,Short_Term-2,22,-0.1096993010541011,1
p3,Short_Term-2,23,2.1904111912940416,17
p3,Short_Term-2,24,0.22547910417419426,4
p3,Short_Term-2,26,1.4515287188057109,190
p3,Short_Term-2,27,0.6514576128173848,95
p3,Short_Term-2,28,0.8859552919393592,99
p3,Short_Term-2,29,0.2822896936051034,12
p3,Short_Term-2,30,0.9829913982605675,28
p3,Short_Term-2,33,1.167275836252531,202
p3,Short_Term-2,35,1.3184556528235674,9
p3,Short_Term-2,36,0.2995999510593733,1
p3,Short_Term-2,40,-1.799299807672379,1
p3,Short_Term-2,47,0.9493639797949649,5
p3,Short_Term-2,49,1.2564809096479375,279
p3,Short_Term-2,50,2.2221882311561973,2
p3,Short_Term-2,54,2.085537604932994,2
p3,Short_Term-2,56,2.186918513966899,6
p3,Short_Term-2,66,-1.2250616027133525,3
p3,Short_Term-2,67,-0.09615999179968682,4
p3,Short_Term-2,72,0.0837481790166913,2
p3,Short_Term-2,78,-0.3007843607495781,1
p3,Short_Term-2,91,0.2873149699601893,26
p3,Short_Term-2,93,0.15669352063582292,4
p3,Short_Term-2,95,0.1623108911992759,1
p3,Novel-1,0,-0.5054168323061374,165
p3,Novel-1,1,-0.2243177562336904,97
p3,Novel-1,2,-0.2812080362582834,17
p3,Novel-1,3,0.029399163429872747,142
p3,Novel-1,4,-0.5313988221008138,23
p3,Novel-1,5,-0.25071118294687256,217
p3,Novel-1,6,-0.04212050006727287,15
p3,Novel-1,7,-0.4664815960819517,215
p3,Novel-1,8,-0.1929251113449338,248
p3,Novel-1,9,-0.5045822020780727,41
p3,Novel-1,10,-0.6673487140859111,176
p3,Novel-1,11,-0.6529341365136712,60
p3,Novel-1,12,-0.5655040346350824,56
p3,Novel-1,13,-1.124846457983926,3
p3,Novel-1,14,0.18959796300787596,5
p3,Novel-1,15,-0.4130462817713456,95
p3,Novel-1,16,0.01161399057415262,14
p3,Novel-1,17,-0.31288293351805735,13
p3,Novel-1,18,-0.9318828612745825,207
p3,Novel-1,19,-1.2241950381369837,2
p3,Novel-1,20,-0.32884150614190544,494
p3,Novel-1,21,0.04642438139259627,24
p3,Novel-1,22,-0.43564449278593004,6
p3,Novel-1,23,-0.9746128863839859,77
p3,Novel-1,24,-0.16163351869165896,19
p3,Novel-1,25,-0.0554638936846905,16
p3,Novel-1,26,-0.5809625035955711,28
p3,Novel-1,27,-0.13451236072022318,58
p3,Novel-1,28,-0.7705490584831599,62
p3,Novel-1,29,-1.3664151022378623,3
p3,Novel-1,30,-0.5119591647969364,258
p3,Novel-1,31,0.7651580582147223,12
p3,Novel-1,32,-0.5531406347353711,1
p3,Novel-1,33,-0.05692995757121008,9
p3,Novel-1,35,-0.30651927218462055,18
p3,Novel-1,37,-0.710550423974498,2
p3,Novel-1,40,-1.0499836746844664,2
p3,Novel-1,41,-0.1743902444969745,2
p3,Novel-1,43,0.420918843966305,1
p3,Novel-1,52,0.4994171666219886,1
p3,Novel-1,56,-1.0024614160909264,6
p3,Novel-1,57,0.28116447762164054,5
p3,Novel-1,66,0.4659304830567037,1
p3,Novel-1,68,0.6387425470148446,1
p3,Novel-1,72,-0.28073879606745766,2
p3,Novel-1,92,0.8368689358587676,4
p3,Long_Term-1,0,0.4863737238688042,174
p3,Long_Term-1,1,0.4096951523237692,30
p3,Long_Term-1,2,0.47205625402666523,24
p3,Long_Term-1,3,0.5314162201795368,92
p3,Long_Term-1,4,0.3904126688497394,44
p3,Long_Term-1,5,0.5602298355819902,435
p3,Long_Term-1,6,0.2954301446720739,8
p3,Long_Term-1,7,0.45182855500800717,334
p3,Long_Term-1,8,0.4658081142121728,75
p3,Long_Term-1,9,0.5155558884923299,11
p3,Long_Term-1,10,0.4010102324406566,310
p3,Long_Term-1,11,0.7667614397325966,8
p3,Long_Term-1,12,0.4132745977375737,7
p3,Long_Term-1,13,0.5170701661320627,3
p3,Long_Term-1,15,0.826906059474256,7
p3,Long_Term-1,16,0.769271461486949,2
p3,Long_Term-1,17,-0.01077234195675443,4
p3,Long_Term-1,18,0.2867570435526693,53
p3,Long_Term-1,20,0.16978887745246649,606
p3,Long_Term-1,21,0.8390436095658204,19
p3,Long_Term-1,22,0.31898241950971673,2
p3,Long_Term-1,23,0.018548865624699946,170
p3,Long_Term-1,24,0.6932624593242335,15
p3,Long_Term-1,26,0.9069088441200832,27
p3,Long_Term-1,27,0.046283932049946484,105
p3,Long_Term-1,28,0.38780020937457704,11
p3,Long_Term-1,29,0.5798972800014899,3
p3,Long_Term-1,30,-0.3676381837328017,416
p3,Long_Term-1,31,0.6182475927209002,7
p3,Long_Term-1,36,-0.2098057991236188,1
p3,Long_Term-1,42,0.3404712875184939,1
p3,Long_Term-1,59,-0.02536563930537564,7
p3,Long_Term-1,78,0.06700450681147295,2
p5,Short_Term-1,0,-0.10779222312012843,949
p5,Short_Term-1,1,0.08731244306595701,208
p5,Short_Term-1,2,-0.026082720108098974,170
p5,Short_Term-1,3,-0.11583198853004704,421
p5,Short_Term-1,4,-0.12888877370932902,199
p5,Short_Term-1,5,-0.005631279152616718,1659
p5,Short_Term-1,6,-0.011439826084685701,109
p5,Short_Term-1,7,-0.03387784237125569,524
p5,Short_Term-1,8,0.23425319982679488,142
p5,Short_Term-1,9,-0.043288965747591335,107
p5,Short_Term-1,10,-0.02512880018975349,499
p5,Short_Term-1,11,-0.12978182294657212,52
p5,Short_Term-1,12,-0.04255312925696122,61
p5,Short_Term-1,13,-0.07530860143619252,38
p5,Short_Term-1,14,0.1545829446429887,37
p5,Short_Term-1,15,-0.04101649486580619,31
p5,Short_Term-1,16,0.24975363048149432,34
p5,Short_Term-1,17,0.11734084705688717,45
p5,Short_Term-1,18,0.4578969212507795,44
p5,Short_Term-1,19,0.30687251435077084,31
p5,Short_Term-1,20,0.17544320672198047,54
p5,Short_Term-1,21,-0.3013050290923288,20
p5,Short_Term-1,22,-0.15762880763446233,14
p5,Short_Term-1,23,-0.9546416907632231,40
p5,Short_Term-1,24,0.6639124055092025,38
p5,Short_Term-1,25,0.1963072917473442,16
p5,Short_Term-1,26,0.3142113532163853,11
p5,Short_Term-1,27,0.011521865553399313,39
p5,Short_Term-1,28,-1.3714945120116058,6
p5,Short_Term-1,29,-0.19484589489570134,12
p5,Short_Term-1,30,-0.33217540693722475,378
p5,Short_Term-1,32,0.6310386149255321,3
p5,Short_Term-1,34,0.04824291340959566,5
p5,Short_Term-1,35,-1.9799907510192198,3
p5,Short_Term-1,36,0.29833326675000743,6
p5,Short_Term-1,37,1.0724304637391489,6
p5,Short_Term-1,38,0.5799070965454706,3
p5,Short_Term-1,39,0.12945928558840275,4
p5,Short_Term-1,40,0.1591245418870805,2
p5,Short_Term-1,41,0.6432170082271428,1
p5,Short_Term-1,42,1.2376131575986122,1
p5,Short_Term-2,0,-0.8749022730189774,387
p5,Short_Term-2,1,-0.7943565824523191,110
p5,Short_Term-2,2,-0.993686808936471,85
p5,Short_Term-2,3,-0.6531846634403887,167
p5,Short_Term-2,4,-0.8981325584120768,143
p5,Short_Term-2,5,-1.1873331125171789,632
p5,Short_Term-2,6,-0.9261777637425515,47
p5,Short_Term-2,7,-0.6670345470426063,261
p5,Short_Term-2,8,-1.6083002476998094,84
p5,Short_Term-2,9,-1.3107557182549827,41
p5,Short_Term-2,10,-0.6593085202671831,226
p5,Short_Term-2,11,-1.1830904981969386,13
p5,Short_Term-2,12,-1.307679086903902,34
p5,Short_Term-2,13,-0.5727866798554578,27
p5,Short_Term-2,14,-0.022203912715896747,23
p5,Short_Term-2,15,-1.0076451261980566,28
p5,Short_Term-2,16,-0.37532827169029925,22
p5,Short_Term-2,17,-0.19693759082102824,15
p5,Short_Term-2,18,-2.5598939367853553,41
p5,Short_Term-2,19,-0.6431506555575264,10
p5,Short_Term-2,20,-0.6482777417266423,45
p5,Short_Term-2,21,-1.4864546028935652,21
p5,Short_Term-2,22,-0.4693877821453824,14
p5,Short_Term-2,23,-2.440391259982988,4
p5,Short_Term-2,24,-1.344755419708222,12
p5,Short_Term-2,25,-1.5405722524128203,7
p5,Short_Term-2,26,-1.5534317579514731,9
p5,Short_Term-2,28,-0.2968799519685447,19
p5,Short_Term-2,29,0.751330404737748,1
p5,Short_Term-2,30,-0.9424701351681581,401
p5,Short_Term-2,32,-0.7613461715291219,5
p5,Short_Term-2,33,-0.11922367986300647,53
p5,Short_Term-2,34,-0.2574433984337328,1
p5,Short_Term-2,36,-0.7518787758022744,4
p5,Short_Term-2,37,-0.7471488300213522,8
p5,Short_Term-2,38,0.20666850232180947,9
p5,Short_Term-2,40,-1.0629782240027443,3
p5,Short_Term-2,41,-0.47606899800032604,7
p5,Short_Term-2,42,-3.237846596919601,2
p5,Short_Term-2,44,-0.5481511149885252,2
p5,Short_Term-2,70,-0.3155376534385811,1
p5,Short_Term-2,74,-0.3043219057777104,1
p5,Novel-1,0,0.707147464088953,274
p5,Novel-1,1,0.9657910352071262,27
p5,Novel-1,2,1.6762261775087106,2
p5,Novel-1,3,0.8445209019301998,163
p5,Novel-1,4,-0.6838330752920846,11
p5,Novel-1,5,0.5719164454495274,734
p5,Novel-1,6,0.5117634476747953,4
p5,Novel-1,7,0.7760470672414567,330
p5,Novel-1,8,0.709412019165806,26
p5,Novel-1,9,1.7013163798343365,6
p5,Novel-1,10,0.7852287042189967,211
p5,Novel-1,11,0.9500860107073491,41
p5,Novel-1,12,0.5053295143356916,6
p5,Novel-1,13,1.1470306742769285,2
p5,Novel-1,14,-0.2519814643680939,2
p5,Novel-1,15,1.8124859375795122,7
p5,Novel-1,16,-1.3967638573500618,3
p5,Novel-1,17,-0.6483913611606242,2
p5,Novel-1,18,0.8118447442110744,24
p5,Novel-1,20,0.5709167335315358,537
p5,Novel-1,22,1.7529829815931437,1
p5,Novel-1,23,0.9078576844461832,127
p5,Novel-1,24,0.49080396585094827,7
p5,Novel-1,25,1.662620159527203,8
p5,Novel-1,26,1.4466959153082541,6
p5,Novel-1,29,0.44389353486788363,2
p5,Novel-1,30,0.8317056111935631,453
p5,Long_Term-1,0,0.6468609451614697,101
p5,Long_Term-1,1,0.6530652158179823,21
p5,Long_Term-1,2,1.0788471604022212,35
p5,Long_Term-1,3,1.0817545727206372,66
p5,Long_Term-1,4,0.8732661948724382,8
p5,Long_Term-1,5,0.650811803501958,716
p5,Long_Term-1,6,0.9341439227632797,16
p5,Long_Term-1,7,0.8441566404926186,230
p5,Long_Term-1,8,0.21439039782117997,21
p5,Long_Term-1,9,0.38349907878846345,10
p5,Long_Term-1,10,0.784283233138854,111
p5,Long_Term-1,11,0.6577567071010432,6
p5,Long_Term-1,12,1.1381237328496037,3
p5,Long_Term-1,13,1.051826054806828,13
p5,Long_Term-1,14,0.9990537396790167,5
p5,Long_Term-1,15,-0.1577084076755011,7
p5,Long_Term-1,17,0.6291980956039586,3
p5,Long_Term-1,18,0.9484923883810424,46
p5,Long_Term-1,19,0.5716584517652527,6
p5,Long_Term-1,20,0.6550796269665152,222
p5,Long_Term-1,21,1.3306829790380368,1
p5,Long_Term-1,22,0.985599448089519,1
p5,Long_Term-1,23,1.2302203034832955,4
p5,Long_Term-1,24,-0.21612726217332145,12
p5,Long_Term-1,25,0.2471061610892909,1
p5,Long_Term-1,26,0.2980000082564015,9
p5,Long_Term-1,27,1.3838679984891982,33
p5,Long_Term-1,28,-0.14784484337426287,9
p5,Long_Term-1,30,0.09813289488759858,1302
p5,Long_Term-1,32,1.10032482380055,1
p5,Long_Term-1,34,0.9864845713473724,1
p5,Long_Term-1,36,0.568573440462994,4
p5,Long_Term-1,38,0.6087603993638632,10
p5,Long_Term-1,40,0.5789492915558289,1
p5,Long_Term-1,42,1.3748431852456553,1
p6,Short_Term-1,0,-0.6039846714960941,587
p6,Short_Term-1,1,-0.451003626173896,100
p6,Short_Term-1,2,-0.5244967163394975,88
p6,Short_Term-1,3,-0.29384164974569005,425
p6,Short_Term-1,4,-0.5008671889353257,84
p6,Short_Term-1,5,-0.4644808575533367,970
p6,Short_Term-1,6,-0.47980758831548975,67
p6,Short_Term-1,7,-0.3313608025397307,907
p6,Short_Term-1,8,-0.5464566454649532,116
p6,Short_Term-1,9,-0.524264344068534,57
p6,Short_Term-1,10,-0.5430486377652973,546
p6,Short_Term-1,11,-0.23688056517268172,42
p6,Short_Term-1,12,-0.2508094801433594,54
p6,Short_Term-1,13,-0.7855741479121054,25
p6,Short_Term-1,14,-0.9240806954833489,15
p6,Short_Term-1,15,-0.6708140525463158,9
p6,Short_Term-1,16,-0.6739281699585156,32
p6,Short_Term-1,17,-0.5457871402716414,17
p6,Short_Term-1,18,-0.21144641789420637,125
p6,Short_Term-1,19,-0.7854348546500626,13
p6,Short_Term-1,20,-0.19860362336940107,678
p6,Short_Term-1,21,-0.10915256104399654,8
p6,Short_Term-1,22,-0.5768270656673238,9
p6,Short_Term-1,23,-0.1445755259177277,215
p6,Short_Term-1,24,-0.39724446511979455,34
p6,Short_Term-1,25,-0.48717994998636477,10
p6,Short_Term-1,26,-0.5599924238598852,4
p6,Short_Term-1,27,-0.4063641911805281,82
p6,Short_Term-1,28,-0.8234009502930004,11
p6,Short_Term-1,29,-0.18443651981850176,14
p6,Short_Term-1,30,-0.22860524892232212,556
p6,Short_Term-1,31,-0.9303007412570765,9
p6,Short_Term-1,32,0.0611015568262383,2
p6,Short_Term-1,34,-1.2404577599708244,15
p6,Short_Term-1,36,0.15580522216922787,4
p6,Short_Term-1,38,-0.6145063703466473,3
p6,Short_Term-1,40,-0.7518320378116506,1
p6,Short_Term-1,42,-0.46433763170629644,2
p6,Short_Term-1,45,-0.7460006651500253,14
p6,Short_Term-1,59,0.7029787369295666,4
p6,Short_Term-1,75,-0.43703970248454327,5
p6,Short_Term-1,80,0.13182135233050296,2
p6,Short_Term-1,85,-0.43992320215649494,3
p6,Short_Term-1,91,0.42880506141332536,42
p6,Short_Term-1,95,-0.9945772071969525,3
p6,Short_Term-2,0,0.8513301602080949,129
p6,Short_Term-2,1,0.7133068208293472,30
p6,Short_Term-2,2,0.8923631912510078,8
p6,Short_Term-2,3,0.7698001857094471,200
p6,Short_Term-2,4,0.3546075977503286,17
p6,Short_Term-2,5,0.665993213958933,425
p6,Short_Term-2,6,0.7797611465765374,11
p6,Short_Term-2,7,0.4531358595888371,377
p6,Short_Term-2,8,1.2360512374618706,18
p6,Short_Term-2,9,0.8575723722565006,6
p6,Short_Term-2,10,0.5825385186461964,138
p6,Short_Term-2,11,-0.42269635217939694,22
p6,Short_Term-2,12,0.81844352122515,6
p6,Short_Term-2,13,0.7437292971036255,6
p6,Short_Term-2,14,0.6631887251033997,1
p6,Short_Term-2,15,-0.2517206031486069,6
p6,Short_Term-2,16,1.3117660329468168,13
p6,Short_Term-2,17,0.816003874769113,2
p6,Short_Term-2,18,0.8463486691860069,59
p6,Short_Term-2,20,0.3999805406963969,1051
p6,Short_Term-2,21,-0.0007335276501748977,3
p6,Short_Term-2,23,-0.25889338317340815,265
p6,Short_Term-2,24,0.8125673768238749,1
p6,Short_Term-2,26,0.1182390247052771,10
p6,Short_Term-2,27,0.9560969839290913,148
p6,Short_Term-2,29,0.8304803820141037,1
p6,Short_Term-2,30,1.563166432916249,45
p6,Short_Term-2,31,-0.8007329201177077,10
p6,Short_Term-2,90,0.9274455845231947,3
p6,Novel-1,0,0.2148368779855922,155
p6,Novel-1,1,0.18131930286549455,41
p6,Novel-1,2,0.39509124750238406,43
p6,Novel-1,3,0.2720035600574086,145
p6,Novel-1,4,0.4635799991329159,62
p6,Novel-1,5,0.012109109280482033,565
p6,Novel-1,6,0.4754803307702518,25
p6,Novel-1,7,0.2002098092921191,325
p6,Novel-1,8,0.5584880102628781,121
p6,Novel-1,9,0.4223098243902988,38
p6,Novel-1,10,-0.08726654083311366,240
p6,Novel-1,11,0.5602437634108924,42
p6,Novel-1,12,0.646569877674873,22
p6,Novel-1,13,0.6203990356702347,32
p6,Novel-1,14,-0.5642391544803654,9
p6,Novel-1,15,0.05830650575544012,23
p6,Novel-1,16,0.011882329873008222,15
p6,Novel-1,17,0.23190306309514702,16
p6,Novel-1,18,-0.10216090152989059,34
p6,Novel-1,19,0.26922457340612754,14
p6,Novel-1,20,-0.022962927570002113,627
p6,Novel-1,21,0.5644244286142798,15
p6,Novel-1,22,0.09419186776670845,12
p6,Novel-1,23,-0.5778242061763272,193
p6,Novel-1,24,0.03459912338453483,9
p6,Novel-1,25,0.7015211859664403,2
p6,Novel-1,26,0.4654983147098086,4
p6,Novel-1,27,-0.39028708847392146,74
p6,Novel-1,28,-1.0120476799203038,22
p6,Novel-1,29,0.5666484255903588,11
p6,Novel-1,30,0.5432274926896523,56
p6,Novel-1,31,0.3164145986249947,1
p6,Novel-1,32,0.6577466401674585,9
p6,Novel-1,33,0.15670996606868903,66
p6,Novel-1,34,0.4930520412500774,8
p6,Novel-1,35,0.06951097289117095,2
p6,Novel-1,37,1.0592426461227324,3
p6,Novel-1,38,0.23204685047873716,4
p6,Novel-1,39,0.45260161655006403,4
p6,Novel-1,41,0.2116705671578088,1
p6,Novel-1,43,-1.0379833612090614,2
p6,Novel-1,51,0.1336694586892504,2
p6,Novel-1,53,-0.1158593925923139,1
p6,Novel-1,77,-0.7587706899433339,1
p6,Novel-1,82,0.1521885055327165,2
p6,Novel-1,85,0.3537730683233322,2
p6,Long_Term-1,0,0.0075068076902051325,158
p6,Long_Term-1,1,-0.07092853079301555,11
p6,Long_Term-1,2,0.45855200151365644,9
p6,Long_Term-1,3,-0.2808978094365101,166
p6,Long_Term-1,4,0.4139254473552713,13
p6,Long_Term-1,5,-0.05258049457527841,433
p6,Long_Term-1,6,-0.123689666928603,1
p6,Long_Term-1,7,-0.33134900085128965,544
p6,Long_Term-1,8,0.9741004441066409,6
p6,Long_Term-1,9,-0.0792404850358566,10
p6,Long_Term-1,10,-0.419919090992057,447
p6,Long_Term-1,11,-0.18936375903438235,14
p6,Long_Term-1,12,-0.4987668815686671,1
p6,Long_Term-1,13,-0.4693870391664788,1
p6,Long_Term-1,14,0.0685883622687866,1
p6,Long_Term-1,16,-1.4765722331372375,9
p6,Long_Term-1,18,1.292437591390406,4
p6,Long_Term-1,20,-0.16107436847190212,246
p6,Long_Term-1,22,-0.18855825243992,1
p6,Long_Term-1,23,-0.481403264376412,569
p6,Long_Term-1,27,-0.5786954058530057,125
p6,Long_Term-1,30,-0.2963905825187639,250
p6,Long_Term-1,31,-1.3933365868105023,1
p7,Short_Term-1,0,0.8177591525794712,235
p7,Short_Term-1,1,0.4002895138393512,32
p7,Short_Term-1,2,-0.5123939369039563,27
p7,Short_Term-1,3,1.0825905702698255,346
p7,Short_Term-1,4,0.5388951281365087,16
p7,Short_Term-1,5,0.568321980901546,948
p7,Short_Term-1,6,-0.15720784259849935,16
p7,Short_Term-1,7,0.5338125146694181,542
p7,Short_Term-1,8,0.029601508401680358,105
p7,Short_Term-1,9,-0.12139427679999279,21
p7,Short_Term-1,10,0.5042934070104345,248
p7,Short_Term-1,11,-0.1437147426244155,61
p7,Short_Term-1,12,0.5763238930657267,22
p7,Short_Term-1,13,-0.48266203096736204,13
p7,Short_Term-1,14,-0.13882644060057284,14
p7,Short_Term-1,15,0.2928323636271483,21
p7,Short_Term-1,16,1.307868083087263,8
p7,Short_Term-1,17,0.6242187715043672,5
p7,Short_Term-1,18,-0.009884776783048645,216
p7,Short_Term-1,19,0.12541515723553864,2
p7,Short_Term-1,20,0.4642974493155343,352
p7,Short_Term-1,21,-0.12180378340955884,2
p7,Short_Term-1,23,0.3575909486414244,980
p7,Short_Term-1,24,0.4005119111791472,18
p7,Short_Term-1,26,-0.4815069408793711,91
p7,Short_Term-1,27,1.0114339293387604,348
p7,Short_Term-1,29,0.21139332630418553,3
p7,Short_Term-1,30,-0.17962769569500828,674
p7,Short_Term-1,31,1.2882184640036245,57
p7,Short_Term-1,32,0.4349915225460213,1
p7,Short_Term-1,33,-0.9278976133386967,27
p7,Short_Term-1,36,-0.9445195910950812,5
p7,Short_Term-1,40,-1.196994321902835,1
p7,Short_Term-1,45,-0.24994046954119864,3
p7,Short_Term-1,49,-0.3981439060979575,550
p7,Short_Term-1,56,1.084004297479011,4
p7,Short_Term-1,77,1.1049415064143346,4
p7,Short_Term-2,0,0.37243169288167577,140
p7,Short_Term-2,1,0.3605448242940518,38
p7,Short_Term-2,2,0.38537714636218773,11
p7,Short_Term-2,3,0.2673834611116679,134
p7,Short_Term-2,4,0.4293995481182624,34
p7,Short_Term-2,5,0.3424703998119071,574
p7,Short_Term-2,6,0.2051742126222721,4
p7,Short_Term-2,7,0.21967045515982156,310
p7,Short_Term-2,8,0.14561506813128372,78
p7,Short_Term-2,9,0.5621344860853305,13
p7,Short_Term-2,10,0.4534028388975086,122
p7,Short_Term-2,11,0.3304396083029282,51
p7,Short_Term-2,12,0.24861467801667717,18
p7,Short_Term-2,13,0.5937799046749165,6
p7,Short_Term-2,14,1.0547061557748876,2
p7,Short_Term-2,15,0.3147196856209564,41
p7,Short_Term-2,16,0.01492171717373314,3
p7,Short_Term-2,17,0.3213830202555234,6
p7,Short_Term-2,18,0.247107619347712,27
p7,Short_Term-2,19,0.38447880353080643,3
p7,Short_Term-2,20,0.17849861764689084,593
p7,Short_Term-2,21,0.02299990800552112,17
p7,Short_Term-2,22,0.7394113933916303,4
p7,Short_Term-2,23,0.24949596196547966,179
p7,Short_Term-2,24,0.5050081021508401,4
p7,Short_Term-2,25,0.3326845837552945,3
p7,Short_Term-2,27,0.4851617578010443,113
p7,Short_Term-2,28,0.16066139172798405,16
p7,Short_Term-2,29,0.9081517620741689,3
p7,Short_Term-2,30,-0.07981333390922349,439
p7,Short_Term-2,33,0.2707469014853753,28
p7,Short_Term-2,40,0.8604947097448608,2
p7,Short_Term-2,41,0.3882663848442896,1
p7,Short_Term-2,51,-0.1928732140612805,1
p7,Short_Term-2,73,0.05664725263357014,3
p7,Short_Term-2,79,0.1063409354008778,2
p7,Short_Term-2,85,-0.1626936567035722,1
p7,Novel-1,0,0.6082871843538086,172
p7,Novel-1,1,0.5320884150522415,65
p7,Novel-1,2,0.5426401516413446,67
p7,Novel-1,3,0.4023788734773596,106
p7,Novel-1,4,0.46293518877578976,137
p7,Novel-1,5,0.3823450755556101,140
p7,Novel-1,6,0.3993428791281738,34
p7,Novel-1,7,0.5927555277057487,210
p7,Novel-1,8,0.573565784140582,104
p7,Novel-1,9,0.44820353860583556,27
p7,Novel-1,10,0.5683718080410528,124
p7,Novel-1,11,0.6538537432114665,56
p7,Novel-1,12,0.586174964150817,33
p7,Novel-1,13,0.31745835287913204,9
p7,Novel-1,14,0.38334292656809826,46
p7,Novel-1,15,0.7564471802144374,1
p7,Novel-1,16,0.41172016781288023,8
p7,Novel-1,17,0.17577048785450508,12
p7,Novel-1,18,0.49830278826492247,51
p7,Novel-1,19,0.4502046788624764,11
p7,Novel-1,20,0.6523348191809439,524
p7,Novel-1,21,0.7015593024268991,18
p7,Novel-1,22,0.35507329566400925,6
p7,Novel-1,23,-0.031404295040408765,27
p7,Novel-1,24,0.6861506039793762,6
p7,Novel-1,25,0.6679189132295138,5
p7,Novel-1,26,0.7724183025432367,16
p7,Novel-1,27,0.37537819173033005,34
p7,Novel-1,28,1.2313204613806974,31
p7,Novel-1,29,0.6215977556477673,5
p7,Novel-1,30,0.4480740467818283,886
p7,Novel-1,31,0.7330622459624017,4
p7,Novel-1,32,0.7584710165380959,1
p7,Novel-1,34,0.7347743499246899,1
p7,Novel-1,35,0.9981981261272831,6
p7,Novel-1,37,-0.5082190000095828,1
p7,Novel-1,38,-0.3081304560819146,2
p7,Novel-1,43,0.16330088612637092,3
p7,Novel-1,48,-0.021123473169257195,2
p7,Novel-1,50,0.1203385246963838,2
p7,Novel-1,53,0.452325537315234,4
p7,Novel-1,55,1.0846627043809598,9
p7,Novel-1,66,1.159345763733509,5
p7,Novel-1,68,0.2711938983693263,2
p7,Novel-1,70,0.07940348828811404,3
p7,Novel-1,71,0.8655436137378674,1
p7,Novel-1,74,0.21610079309469732,2
p7,Novel-1,78,0.0860786575454,3
p7,Novel-1,84,0.4096752850509147,1
p7,Novel-1,90,1.0593083530503091,1
p7,Long_Term-1,0,-0.8603339306387535,126
p7,Long_Term-1,1,-1.461702579243346,38
p7,Long_Term-1,2,-0.7566450374603966,23
p7,Long_Term-1,3,-0.8281733328245777,108
p7,Long_Term-1,4,-0.6727262431554639,26
p7,Long_Term-1,5,-1.4633332547120794,436
p7,Long_Term-1,6,-0.3521723769472411,10
p7,Long_Term-1,7,-1.2191840495933728,314
p7,Long_Term-1,8,-1.246935172860402,45
p7,Long_Term-1,9,-0.4959727796647737,19
p7,Long_Term-1,10,-0.6842051869663454,124
p7,Long_Term-1,11,-1.13911788139894,26
p7,Long_Term-1,12,-0.7675697566247628,3
p7,Long_Term-1,13,-0.4502147510917032,3
p7,Long_Term-1,14,-2.186645491685426,2
p7,Long_Term-1,15,-0.6576325491211329,16
p7,Long_Term-1,16,0.7561312243464919,8
p7,Long_Term-1,17,0.12764379043153645,9
p7,Long_Term-1,18,-0.8702110831137118,35
p7,Long_Term-1,20,-1.301751018272051,865
p7,Long_Term-1,21,-1.558180850552078,9
p7,Long_Term-1,22,-0.21132276888341534,2
p7,Long_Term-1,23,-0.7177747633245157,218
p7,Long_Term-1,27,-0.49703516073969695,36
p7,Long_Term-1,28,0.7056715245072018,7
p7,Long_Term-1,30,-1.1419131785670147,480
p7,Long_Term-1,31,-2.00891055685648,16
p7,Long_Term-1,36,-1.8474038322020263,2
p7,Long_Term-1,41,0.032497606415046836,3
p7,Long_Term-1,45,-0.47895614946239967,4
p7,Long_Term-1,77,-2.1053158496349362,3
p7,Long_Term-1,93,0.8380297093858091,1
p8,Short_Term-1,0,-0.16166605206615461,435
p8,Short_Term-1,1,0.027198203005731243,146
p8,Short_Term-1,2,-0.46515888690024526,126
p8,Short_Term-1,3,-0.16099597772519827,267
p8,Short_Term-1,4,-0.477139250894489,146
p8,Short_Term-1,5,0.1330937159810347,752
p8,Short_Term-1,6,-0.23243883691506054,60
p8,Short_Term-1,7,0.26180196818253276,530
p8,Short_Term-1,8,0.23455039812071027,161
p8,Short_Term-1,9,0.0259732810445075,71
p8,Short_Term-1,10,0.15031005818443155,321
p8,Short_Term-1,11,0.17157426483576643,90
p8,Short_Term-1,12,0.573619650941103,63
p8,Short_Term-1,13,-0.2890959965183186,11
p8,Short_Term-1,14,-0.6206839876962063,66
p8,Short_Term-1,15,0.22530201362736435,51
p8,Short_Term-1,16,-0.3690900135069662,24
p8,Short_Term-1,17,-0.37514807508888176,19
p8,Short_Term-1,18,1.1396106228378478,61
p8,Short_Term-1,19,-0.5384603185859439,19
p8,Short_Term-1,20,0.692529545971385,873
p8,Short_Term-1,21,0.26756509635701453,40
p8,Short_Term-1,22,-0.36420457256323685,6
p8,Short_Term-1,23,0.5797930201963428,553
p8,Short_Term-1,24,-0.0843813842657744,8
p8,Short_Term-1,25,-0.7023487138583248,13
p8,Short_Term-1,26,1.1000969838765708,54
p8,Short_Term-1,27,1.1308344076272245,92
p8,Short_Term-1,28,0.01398930494945034,7
p8,Short_Term-1,29,-1.2575622115677614,2
p8,Short_Term-1,30,0.43153408877138666,909
p8,Short_Term-1,31,2.7464931786523223,4
p8,Short_Term-1,32,-0.8552662744383769,3
p8,Short_Term-1,34,0.045218959973862105,6
p8,Short_Term-1,35,2.355800552077294,6
p8,Short_Term-1,36,0.7962110070493937,2
p8,Short_Term-1,38,-0.07449885471750979,3
p8,Short_Term-1,39,-0.3914276363123068,2
p8,Short_Term-1,40,1.481771883859901,1
p8,Short_Term-1,42,-0.706957851669688,3
p8,Short_Term-1,62,0.1417176017316794,1
p8,Short_Term-1,65,-0.639683799367508,2
p8,Short_Term-1,68,0.803789885004009,1
p8,Short_Term-1,86,-0.6289403763165652,3
p8,Short_Term-1,88,1.321687356356454,1
p8,Short_Term-1,93,-0.6103646067144084,2
p8,Short_Term-2,0,-1.082368507992784,127
p8,Short_Term-2,1,-1.0464320515228864,29
p8,Short_Term-2,2,-1.3493688566177322,48
p8,Short_Term-2,3,-0.992252439657532,193
p8,Short_Term-2,4,-1.2821144661973598,59
p8,Short_Term-2,5,-0.9515337502125143,312
p8,Short_Term-2,6,-1.1776661895120377,12
p8,Short_Term-2,7,-1.0029185751577436,405
p8,Short_Term-2,8,-1.0102750898459278,29
p8,Short_Term-2,9,-1.1862454328814342,15
p8,Short_Term-2,10,-0.8273267190842594,124
p8,Short_Term-2,11,-1.1510860071400384,42
p8,Short_Term-2,12,-0.5966297244836997,9
p8,Short_Term-2,13,-1.0656123858709226,4
p8,Short_Term-2,14,-1.5492750800331978,12
p8,Short_Term-2,15,-1.2665332589308058,14
p8,Short_Term-2,16,-1.192690008887276,14
p8,Short_Term-2,17,-0.9966100056068462,8
p8,Short_Term-2,18,-1.6436622584529919,16
p8,Short_Term-2,19,-0.8522990647906766,10
p8,Short_Term-2,20,-1.167147934975057,381
p8,Short_Term-2,21,-1.838492161614211,2
p8,Short_Term-2,23,-0.8587217495309727,426
p8,Short_Term-2,24,-0.7629508850466767,5
p8,Short_Term-2,25,-0.8347122611023313,7
p8,Short_Term-2,26,-1.8737826318323225,2
p8,Short_Term-2,27,-1.2461171301227985,42
p8,Short_Term-2,29,-1.098682468010343,1
p8,Short_Term-2,30,-0.8864462023932499,696
p8,Short_Term-2,31,-0.6860164697486283,15
p8,Short_Term-2,32,-1.8244413894447429,1
p8,Short_Term-2,37,-1.7877785033471376,5
p8,Short_Term-2,46,-1.8515272271646863,6
p8,Short_Term-2,71,-0.5826162971617631,3
p8,Short_Term-2,84,-0.4835000994168786,4
p8,Novel-1,0,0.29384140702719685,108
p8,Novel-1,1,0.5573383418494509,20
p8,Novel-1,2,1.152412150664124,4
p8,Novel-1,3,0.04455352238897059,197
p8,Novel-1,4,1.5567620618906923,11
p8,Novel-1,5,0.09435295263886831,484
p8,Novel-1,6,0.3716356392896583,3
p8,Novel-1,7,0.18250123288409173,677
p8,Novel-1,8,-0.4298550461065934,19
p8,Novel-1,9,0.2571978008319824,2
p8,Novel-1,10,0.2895466286117787,282
p8,Novel-1,11,0.14053222898153564,3
p8,Novel-1,12,1.4196524883149477,3
p8,Novel-1,13,-1.2486170117390507,1
p8,Novel-1,14,1.946714187149293,2
p8,Novel-1,15,0.02846414985338101,6
p8,Novel-1,16,1.3467992102183732,7
p8,Novel-1,17,0.39402894656645293,4
p8,Novel-1,18,-0.3906658390367813,28
p8,Novel-1,20,-0.6579835763238842,671
p8,Novel-1,21,1.6713910172315602,7
p8,Novel-1,22,-1.1271851726377022,1
p8,Novel-1,23,0.6675117272384431,183
p8,Novel-1,24,0.8028030623132789,6
p8,Novel-1,26,1.703819285391957,7
p8,Novel-1,27,-0.2480200110865796,117
p8,Novel-1,28,0.7631172447474818,22
p8,Novel-1,30,0.5721675644788822,130
p8,Novel-1,37,-0.7681306970126305,11
p8,Novel-1,40,-0.8228262211504096,3
p8,Novel-1,44,-1.0646851009372833,1
p8,Long_Term-1,0,0.5575960196680169,85
p8,Long_Term-1,1,0.27689921034186943,11
p8,Long_Term-1,2,-0.04485471978895208,20
p8,Long_Term-1,3,0.23665705134933315,119
p8,Long_Term-1,4,0.04145712733826912,29
p8,Long_Term-1,5,0.7446787317778099,287
p8,Long_Term-1,6,-0.04049640469383589,4
p8,Long_Term-1,7,0.5305228143531812,325
p8,Long_Term-1,8,0.38135968627283223,10
p8,Long_Term-1,10,-0.06272529780880783,127
p8,Long_Term-1,11,-0.2937917666176195,3
p8,Long_Term-1,12,1.2998108508486939,3
p8,Long_Term-1,14,0.4484911543821499,6
p8,Long_Term-1,15,-0.17756591486066914,5
p8,Long_Term-1,16,0.05356520052241326,5
p8,Long_Term-1,18,0.08631606103403396,44
p8,Long_Term-1,19,0.396150085721421,1
p8,Long_Term-1,20,0.6740463978663954,846
p8,Long_Term-1,21,0.19288558411500406,7
p8,Long_Term-1,22,-0.2667103661942355,1
p8,Long_Term-1,23,0.3438022176358763,812
p8,Long_Term-1,25,0.8821258272121246,2
p8,Long_Term-1,27,0.21552648455544138,176
p8,Long_Term-1,29,0.4555880752269574,3
p8,Long_Term-1,30,1.2081422531989896,59
p8,Long_Term-1,31,-1.3097621379476614,9
p8,Long_Term-1,70,-0.1889071731064259,2
p8,Long_Term-1,96,-0.4977961040950663,13
pp1,Short_Term-1,0,-0.1871674443033867,147
pp1,Short_Term-1,1,-0.10420806606687072,39
pp1,Short_Term-1,2,0.43351423761950414,87
pp1,Short_Term-1,3,0.14093862745493252,152
pp1,Short_Term-1,4,0.9073454065479949,104
pp1,Short_Term-1,5,0.5242367662264016,435
pp1,Short_Term-1,6,0.004674114124722297,55
pp1,Short_Term-1,7,-0.005415609463405861,431
pp1,Short_Term-1,8,0.06378569414964663,41
pp1,Short_Term-1,9,0.2712959908511698,22
pp1,Short_Term-1,10,0.1200958752169516,277
pp1,Short_Term-1,11,-0.36866534847171584,17
pp1,Short_Term-1,12,0.2945047486229568,17
pp1,Short_Term-1,13,-0.2603307645527017,16
pp1,Short_Term-1,14,-0.5581894719978208,32
pp1,Short_Term-1,15,1.2751494037793472,5
pp1,Short_Term-1,16,-0.7430554995274823,15
pp1,Short_Term-1,17,-0.456665548543656,3
pp1,Short_Term-1,18,0.2751131841888041,161
pp1,Short_Term-1,19,-0.09055846749242301,6
pp1,Short_Term-1,20,0.3063791847354852,537
pp1,Short_Term-1,21,0.12718156720107782,5
pp1,Short_Term-1,22,-0.06764605423224061,15
pp1,Short_Term-1,23,-0.5205039234564467,2202
pp1,Short_Term-1,24,0.20554856250361497,12
pp1,Short_Term-1,25,-0.25116883966746484,5
pp1,Short_Term-1,26,-0.30056769988000226,13
pp1,Short_Term-1,27,0.003618813948364644,709
pp1,Short_Term-1,29,-0.3531608704677017,5
pp1,Short_Term-1,30,0.43791868645432264,378
pp1,Short_Term-1,31,-0.10996333607417814,39
pp1,Short_Term-1,32,-0.2913657302058795,8
pp1,Short_Term-1,34,-0.6509442098217867,11
pp1,Short_Term-1,37,-0.2048206058895776,1
pp1,Short_Term-1,38,-1.0934418518449347,3
pp1,Short_Term-1,42,0.3980184997480705,1
pp1,Short_Term-1,45,0.13299654715030407,4
pp1,Short_Term-1,73,-0.6618663811284156,5
pp1,Short_Term-1,88,0.43391150816668156,2
pp1,Short_Term-2,0,-0.8085338358857963,57
pp1,Short_Term-2,1,-0.4055328161794443,30
pp1,Short_Term-2,2,-1.365206423559747,19
pp1,Short_Term-2,3,-0.17431629181893865,68
pp1,Short_Term-2,4,-0.9691492004187395,12
pp1,Short_Term-2,5,-0.7440940689643456,63
pp1,Short_Term-2,6,-1.392122032684333,15
pp1,Short_Term-2,7,-0.975374137805152,142
pp1,Short_Term-2,8,0.04361532323685805,88
pp1,Short_Term-2,9,-0.6006384255428461,25
pp1,Short_Term-2,10,-1.2021050764626446,91
pp1,Short_Term-2,11,-0.49671073701280993,19
pp1,Short_Term-2,12,0.10280567405977832,7
pp1,Short_Term-2,13,-1.6424180815608311,3
pp1,Short_Term-2,14,-1.9515405492508946,10
pp1,Short_Term-2,15,0.017260247639029332,7
pp1,Short_Term-2,17,-0.02303146192612691,3
pp1,Short_Term-2,18,-0.012905417166925556,281
pp1,Short_Term-2,20,-0.1637254131037138,399
pp1,Short_Term-2,23,-1.1521143251403827,162
pp1,Short_Term-2,24,-0.9500311868683292,3
pp1,Short_Term-2,25,-0.32532941766484974,2
pp1,Short_Term-2,27,-0.29358900128972804,560
pp1,Short_Term-2,28,0.08735801230698091,13
pp1,Short_Term-2,30,-0.8578290241421489,918
pp1,Short_Term-2,31,-0.5006060653110983,16
pp1,Short_Term-2,35,-0.1541817945949836,1
pp1,Short_Term-2,37,0.27562343018753094,2
pp1,Short_Term-2,38,-1.3953441533148587,2
pp1,Short_Term-2,39,-0.4932850837598441,2
pp1,Short_Term-2,55,-0.5229682078662338,7
pp1,Novel-1,0,0.528203543790842,91
pp1,Novel-1,1,0.823960970548638,34
pp1,Novel-1,2,0.5386008648896597,32
pp1,Novel-1,3,0.7514759636435068,140
pp1,Novel-1,4,0.8387527512244101,19
pp1,Novel-1,5,0.5806058803080354,175
pp1,Novel-1,6,0.41124165017810904,12
pp1,Novel-1,7,0.7347287500878088,524
pp1,Novel-1,8,0.8783250084652603,26
pp1,Novel-1,9,0.6116574885435887,20
pp1,Novel-1,10,0.6201062893523133,186
pp1,Novel-1,11,0.09218024164752404,7
pp1,Novel-1,12,0.9593147087694053,10
pp1,Novel-1,13,0.408940495234014,4
pp1,Novel-1,14,0.42835369559647624,6
pp1,Novel-1,15,1.2371311615854823,1
pp1,Novel-1,16,1.1028359649233626,6
pp1,Novel-1,17,0.8727446714304096,3
pp1,Novel-1,18,1.204514599269203,57
pp1,Novel-1,19,0.2251150831446771,1
pp1,Novel-1,20,0.9381240460575984,127
pp1,Novel-1,21,1.1042915222129417,8
pp1,Novel-1,22,0.5014060371027252,2
pp1,Novel-1,23,0.35128527792655095,1141
pp1,Novel-1,24,0.7338983131096409,9
pp1,Novel-1,25,-0.3874417695597411,5
pp1,Novel-1,27,0.3766441755549767,204
pp1,Novel-1,29,0.7283795337510176,5
pp1,Novel-1,30,0.434258778574449,155
pp1,Novel-1,31,0.7240457453465248,1
pp1,Novel-1,32,0.0211667962119899,1
pp1,Novel-1,38,0.5661034440282189,2
pp1,Novel-1,42,0.4034613974591757,1
pp1,Novel-1,67,1.3602620662250278,2
pp1,Novel-1,90,0.5524379496600917,10
pp1,Long_Term-1,0,0.0007086882995662321,80
pp1,Long_Term-1,1,-0.0063383465812285045,12
pp1,Long_Term-1,2,0.2761497998908937,17
pp1,Long_Term-1,3,-0.3599745276561745,108
pp1,Long_Term-1,4,1.103409468255811,30
pp1,Long_Term-1,5,0.29815942871790424,217
pp1,Long_Term-1,6,0.6984782388591663,17
pp1,Long_Term-1,7,-0.18627732862921437,244
pp1,Long_Term-1,8,0.2012650395516737,30
pp1,Long_Term-1,9,-0.5348792937539655,5
pp1,Long_Term-1,10,-0.3364194832713766,237
pp1,Long_Term-1,11,1.248628167165059,4
pp1,Long_Term-1,12,0.10221203955857243,5
pp1,Long_Term-1,13,-0.2301318832305979,7
pp1,Long_Term-1,14,0.9993872918182531,19
pp1,Long_Term-1,15,1.1815387156642398,13
pp1,Long_Term-1,16,-2.0138569256067416,5
pp1,Long_Term-1,17,0.8687594088332231,4
pp1,Long_Term-1,18,-0.45662516318654023,67
pp1,Long_Term-1,19,0.02194852772243529,7
pp1,Long_Term-1,20,0.5598432644081031,110
pp1,Long_Term-1,22,1.0804570344689857,3
pp1,Long_Term-1,23,-0.7914256609281045,846
pp1,Long_Term-1,24,-1.1271082456487829,5
pp1,Long_Term-1,27,-1.5114206764903222,289
pp1,Long_Term-1,30,0.20134724735783432,550
pp1,Long_Term-1,32,1.261047781521852,4
pp1,Long_Term-1,33,-0.7284845026032594,73
pp1,Long_Term-1,55,0.6091389000738158,2
pp1,Long_Term-1,64,0.40008468110948897,2
pp1,Long_Term-1,82,0.3464024089360014,2
pp1,Long_Term-1,96,0.2547102522455739,3
pp2,Short_Term-1,0,0.47213823368545854,425
pp2,Short_Term-1,1,0.5326087170746404,143
pp2,Short_Term-1,2,0.3249680571850527,71
pp2,Short_Term-1,3,0.46273512057378163,619
pp2,Short_Term-1,4,0.477993037275464,93
pp2,Short_Term-1,5,0.291564898430386,889
pp2,Short_Term-1,6,0.6053551396647596,24
pp2,Short_Term-1,7,0.3655311895475421,1130
pp2,Short_Term-1,8,0.5473340244037126,129
pp2,Short_Term-1,9,0.36127510507488914,38
pp2,Short_Term-1,10,0.5525880452385978,437
pp2,Short_Term-1,11,0.5891379468156944,61
pp2,Short_Term-1,12,0.6107766308717413,70
pp2,Short_Term-1,13,0.3220924368953131,8
pp2,Short_Term-1,14,1.2736452582680169,4
pp2,Short_Term-1,15,0.5278746127502107,17
pp2,Short_Term-1,16,0.5779821520386561,35
pp2,Short_Term-1,17,0.36557434089295177,17
pp2,Short_Term-1,18,-0.17082672550575734,205
pp2,Short_Term-1,19,0.7282133885042154,2
pp2,Short_Term-1,20,0.5031671165835968,750
pp2,Short_Term-1,21,0.9039538561976052,10
pp2,Short_Term-1,23,0.04630007317839639,202
pp2,Short_Term-1,24,1.1319255671081496,5
pp2,Short_Term-1,25,0.2910720204281622,10
pp2,Short_Term-1,26,0.07292300129931319,8
pp2,Short_Term-1,27,0.8930401441932734,198
pp2,Short_Term-1,28,0.8292743418938949,13
pp2,Short_Term-1,29,0.42479868535589294,8
pp2,Short_Term-1,30,0.30303195736990857,342
pp2,Short_Term-1,31,0.21624213436565962,33
pp2,Short_Term-1,34,0.9713311569589456,1
pp2,Short_Term-1,36,0.22334643051560238,5
pp2,Short_Term-1,38,0.0363560019255154,1
pp2,Short_Term-1,40,-1.1797254792676717,2
pp2,Short_Term-1,46,0.7495607438806828,2
pp2,Short_Term-1,61,-0.1367092816588927,6
pp2,Short_Term-1,64,-0.43664134006692507,4
pp2,Short_Term-1,69,1.0302290478900187,2
pp2,Short_Term-1,72,2.137960995343758,2
pp2,Short_Term-1,76,1.0033563079768635,3
pp2,Short_Term-2,0,0.6909038439080993,75
pp2,Short_Term-2,1,0.7824882807480945,16
pp2,Short_Term-2,2,1.1438300780191146,8
pp2,Short_Term-2,3,0.509062167122381,100
pp2,Short_Term-2,4,0.5727326938657692,8
pp2,Short_Term-2,5,0.07948527683506677,126
pp2,Short_Term-2,6,0.6787679898118785,3
pp2,Short_Term-2,7,0.2395946627207276,227
pp2,Short_Term-2,8,0.6398059203972549,35
pp2,Short_Term-2,9,0.41085234076143773,8
pp2,Short_Term-2,10,0.674845982675058,176
pp2,Short_Term-2,11,0.21194080652379266,36
pp2,Short_Term-2,12,0.37218792821213426,7
pp2,Short_Term-2,13,0.6486819807458026,4
pp2,Short_Term-2,14,0.13763027280535636,6
pp2,Short_Term-2,15,0.2112471220743339,1
pp2,Short_Term-2,16,0.7659440784613597,12
pp2,Short_Term-2,17,0.928770652142985,3
pp2,Short_Term-2,18,0.09491336351753608,126
pp2,Short_Term-2,19,0.41729339920342123,5
pp2,Short_Term-2,20,0.1425826057589607,1437
pp2,Short_Term-2,23,0.4297576251892214,96
pp2,Short_Term-2,24,1.3157100325289406,5
pp2,Short_Term-2,25,-0.4618489498339931,1
pp2,Short_Term-2,26,1.1572261788276543,3
pp2,Short_Term-2,27,0.9024843262651103,67
pp2,Short_Term-2,30,0.17876693097238716,426
pp2,Short_Term-2,31,0.6245774732211742,2
pp2,Short_Term-2,61,0.7755005586524086,9
pp2,Short_Term-2,83,0.3034188027653879,1
pp2,Novel-1,0,-0.13347433131004838,238
pp2,Novel-1,1,0.08572588372585428,61
pp2,Novel-1,2,-0.8132399424047517,82
pp2,Novel-1,3,0.20498724519817432,195
pp2,Novel-1,4,-0.6102978200384426,97
pp2,Novel-1,5,-0.14297504714685172,427
pp2,Novel-1,6,-0.9809845184950504,48
pp2,Novel-1,7,0.05500253778267014,633
pp2,Novel-1,8,-0.09531314674138029,27
pp2,Novel-1,9,-0.9770080020842978,65
pp2,Novel-1,10,0.20486755244192395,115
pp2,Novel-1,11,-0.283357132774992,54
pp2,Novel-1,12,0.2395080230103716,16
pp2,Novel-1,13,-1.2074392672872742,11
pp2,Novel-1,14,-1.2315227205236954,51
pp2,Novel-1,15,0.4553637973030847,7
pp2,Novel-1,16,-0.24551461597632135,20
pp2,Novel-1,17,-0.3990916773197718,5
pp2,Novel-1,18,-0.08850631945502037,28
pp2,Novel-1,19,-1.482997085857365,4
pp2,Novel-1,20,-0.16841763501998236,190
pp2,Novel-1,21,-1.5618121512086032,19
pp2,Novel-1,22,-1.5884346305824457,7
pp2,Novel-1,23,-1.0820020696496893,246
pp2,Novel-1,24,0.3853688951706238,11
pp2,Novel-1,25,-1.0250651177899437,1
pp2,Novel-1,26,-0.8498813400458379,12
pp2,Novel-1,27,-0.312682450876036,30
pp2,Novel-1,29,1.2788152735033655,1
pp2,Novel-1,30,-0.884991347874767,287
pp2,Novel-1,31,0.7230720559331175,14
pp2,Novel-1,32,-1.6462466063704368,1
pp2,Novel-1,34,-0.7388492067599671,6
pp2,Novel-1,35,-1.9277082846136164,3
pp2,Novel-1,38,-0.954798898407703,2
pp2,Novel-1,39,-1.538003037750961,1
pp2,Novel-1,40,-0.1737972110359071,1
pp2,Novel-1,42,-0.5196742098204742,2
pp2,Novel-1,60,1.7492283156818094,4
pp2,Novel-1,62,0.6855676728135215,3
pp2,Novel-1,64,1.1124966091124804,2
pp2,Novel-1,73,1.3296665560707046,2
pp2,Long_Term-1,0,-0.3934258977958424,81
pp2,Long_Term-1,1,-0.6477184859424261,34
pp2,Long_Term-1,2,0.7285644672666373,6
pp2,Long_Term-1,3,-0.12357656117733173,246
pp2,Long_Term-1,4,0.48564060494374295,26
pp2,Long_Term-1,5,-0.508222030471312,362
pp2,Long_Term-1,6,0.38224545809680116,7
pp2,Long_Term-1,7,-0.4420286520376915,334
pp2,Long_Term-1,8,-0.2977080847659689,70
pp2,Long_Term-1,9,-0.12870634765857022,6
pp2,Long_Term-1,10,-0.011385566536848008,449
pp2,Long_Term-1,11,-1.3102802212371167,71
pp2,Long_Term-1,12,-0.7607638235973189,20
pp2,Long_Term-1,13,0.5883235646201106,2
pp2,Long_Term-1,14,-2.1969406837627754,1
pp2,Long_Term-1,15,-0.6481483709951765,8
pp2,Long_Term-1,16,0.125811600568454,13
pp2,Long_Term-1,17,-0.33857520206326397,4
pp2,Long_Term-1,18,-0.49738387424296543,129
pp2,Long_Term-1,19,0.2665547726202655,2
pp2,Long_Term-1,20,-1.0782570336644923,336
pp2,Long_Term-1,23,-0.48190609945585744,276
pp2,Long_Term-1,24,0.18567624543306216,8
pp2,Long_Term-1,27,-0.3538628241382293,309
pp2,Long_Term-1,28,-1.8023201441686119,6
pp2,Long_Term-1,29,-0.40485757688698754,4
pp2,Long_Term-1,30,0.05054398400642726,206
pp2,Long_Term-1,31,-0.3327963594691738,12
pp2,Long_Term-1,35,-1.7621829895013033,3
pp2,Long_Term-1,41,-1.7732786930519222,1
pp2,Long_Term-1,58,-0.12759372306253594,2
pp3,Short_Term-1,0,0.26085750402186164,463
pp3,Short_Term-1,1,-0.30212500799997266,108
pp3,Short_Term-1,2,0.37729317427516756,64
pp3,Short_Term-1,3,0.18940106480776905,415
pp3,Short_Term-1,4,0.30862926208157293,87
pp3,Short_Term-1,5,-0.10747486283737795,840
pp3,Short_Term-1,6,0.24312669828708067,37
pp3,Short_Term-1,7,-0.16953836227664115,780
pp3,Short_Term-1,8,-0.19951704525591482,137
pp3,Short_Term-1,9,0.4499638347635476,38
pp3,Short_Term-1,10,0.4532302655975475,482
pp3,Short_Term-1,11,-0.6741646121370528,69
pp3,Short_Term-1,12,-0.24740742869941118,20
pp3,Short_Term-1,13,0.11880736021657129,16
pp3,Short_Term-1,14,0.9586967493378646,4
pp3,Short_Term-1,15,0.11436622527235174,17
pp3,Short_Term-1,16,0.594520662674756,22
pp3,Short_Term-1,17,0.21415108757398496,9
pp3,Short_Term-1,18,0.22082737231362434,120
pp3,Short_Term-1,19,0.2745767537949982,13
pp3,Short_Term-1,20,0.3145336438761033,870
pp3,Short_Term-1,21,-0.44486951604497066,30
pp3,Short_Term-1,22,-0.39625348013644085,3
pp3,Short_Term-1,23,0.10039996106989156,719
pp3,Short_Term-1,24,-0.05401312822156347,27
pp3,Short_Term-1,25,-0.03574453455145117,10
pp3,Short_Term-1,26,-0.44636981153550886,2
pp3,Short_Term-1,27,0.5446286790774588,84
pp3,Short_Term-1,28,0.10057505906213024,22
pp3,Short_Term-1,30,-0.640462555712311,465
pp3,Short_Term-1,31,-0.37159043620813564,20
pp3,Short_Term-1,34,-0.1218243802048601,2
pp3,Short_Term-1,35,-0.12639057679565519,4
pp3,Short_Term-1,36,1.499837983589637,2
pp3,Short_Term-1,37,1.0808127655445334,4
pp3,Short_Term-1,48,0.6757055015864938,3
pp3,Short_Term-1,51,1.5369419118998486,3
pp3,Short_Term-1,53,1.0250019709441185,2
pp3,Short_Term-1,54,0.3141633785248191,4
pp3,Short_Term-1,71,-1.1149602147118232,4
pp3,Short_Term-2,0,-0.3728959683366091,89
pp3,Short_Term-2,1,-0.2795918306204718,103
pp3,Short_Term-2,2,-0.45123668556233587,10
pp3,Short_Term-2,3,-0.1997560195990419,28
pp3,Short_Term-2,4,-1.2050644196798537,14
pp3,Short_Term-2,5,-0.9867715200933436,115
pp3,Short_Term-2,6,-0.522099007748672,11
pp3,Short_Term-2,7,-0.6670648157041423,82
pp3,Short_Term-2,8,-0.3714414146101216,200
pp3,Short_Term-2,9,-0.19083790289549016,33
pp3,Short_Term-2,10,-0.36474945684989296,73
pp3,Short_Term-2,11,-1.14968142512282,99
pp3,Short_Term-2,12,-0.18682474859696768,56
pp3,Short_Term-2,13,-0.24368955723333147,4
pp3,Short_Term-2,15,-0.37268369182402966,91
pp3,Short_Term-2,16,0.7525694416480289,1
pp3,Short_Term-2,17,-0.748709230734934,3
pp3,Short_Term-2,18,-0.935276557389183,933
pp3,Short_Term-2,19,0.6268146773251277,3
pp3,Short_Term-2,20,-1.1401757232959957,48
pp3,Short_Term-2,21,-0.3803219462292692,44
pp3,Short_Term-2,22,-1.3890173812767637,6
pp3,Short_Term-2,23,-0.06439979683373465,7
pp3,Short_Term-2,24,-0.04920131359765216,7
pp3,Short_Term-2,25,0.10345855249344502,9
pp3,Short_Term-2,26,-0.5696226725456056,244
pp3,Short_Term-2,27,-1.262733225508376,95
pp3,Short_Term-2,28,0.1360265004402722,52
pp3,Short_Term-2,29,-0.12590543982722538,8
pp3,Short_Term-2,30,-0.30275737853372414,15
pp3,Short_Term-2,33,-0.2890280657280206,216
pp3,Short_Term-2,35,-0.1046170578485964,1
pp3,Short_Term-2,47,-1.0603299745197672,6
pp3,Short_Term-2,49,-0.23500307556552177,284
pp3,Short_Term-2,54,-0.20994483750753307,2
pp3,Short_Term-2,67,0.32164296038147755,4
pp3,Short_Term-2,78,0.3979384363477896,1
pp3,Short_Term-2,91,-0.26106610670072067,25
pp3,Short_Term-2,93,0.23543493055025871,4
pp3,Novel-1,0,-0.3159958352408685,151
pp3,Novel-1,1,-0.6695261256624605,38
pp3,Novel-1,2,0.36000480777187355,10
pp3,Novel-1,3,-0.4243597295323211,91
pp3,Novel-1,4,1.0463580997932298,32
pp3,Novel-1,5,-0.5433985421199516,475
pp3,Novel-1,6,-0.9324302048959112,10
pp3,Novel-1,7,-0.5551080288517243,257
pp3,Novel-1,8,-0.6269957066288415,86
pp3,Novel-1,9,-0.5359202332348096,9
pp3,Novel-1,10,-0.41983017307522097,324
pp3,Novel-1,11,-0.9268021188046479,20
pp3,Novel-1,12,-0.17263162392944123,9
pp3,Novel-1,13,-1.0430992859749422,3
pp3,Novel-1,14,-0.9891981286485593,2
pp3,Novel-1,15,-0.22900714158826832,11
pp3,Novel-1,16,2.5356696847233646,2
pp3,Novel-1,17,-1.9485996313544558,3
pp3,Novel-1,18,-0.7086020395774674,49
pp3,Novel-1,20,0.23984428869525898,545
pp3,Novel-1,21,-0.4072834652771352,32
pp3,Novel-1,22,-1.0271097838943912,2
pp3,Novel-1,23,-0.017213233089440186,206
pp3,Novel-1,24,-0.5406034352005776,11
pp3,Novel-1,25,-0.5008341766772212,6
pp3,Novel-1,26,-0.7717194083956731,52
pp3,Novel-1,27,-0.09981391235527841,139
pp3,Novel-1,28,-0.9233274717885944,20
pp3,Novel-1,29,-1.2348186797709628,3
pp3,Novel-1,30,-0.8161890326028715,409
pp3,Novel-1,31,-0.1038774005845399,4
pp3,Novel-1,36,-1.6955212187119215,2
pp3,Novel-1,59,-0.9722538729479633,7
pp3,Novel-1,78,-1.478122181900477,3
pp3,Long_Term-1,0,0.2933963199062904,138
pp3,Long_Term-1,1,0.4444114768602667,115
pp3,Long_Term-1,2,0.25848650782579524,25
pp3,Long_Term-1,3,0.13904414147592895,157
pp3,Long_Term-1,4,-0.20545306737456182,20
pp3,Long_Term-1,5,-0.3952137331372356,236
pp3,Long_Term-1,6,0.4550899724217851,23
pp3,Long_Term-1,7,-0.11212090165580266,266
pp3,Long_Term-1,8,0.36797455295436327,196
pp3,Long_Term-1,9,0.17972276500885975,56
pp3,Long_Term-1,10,-0.2102174275487688,175
pp3,Long_Term-1,11,0.5137382582256805,62
pp3,Long_Term-1,12,0.7053242783502861,51
pp3,Long_Term-1,13,-0.5890235245495457,4
pp3,Long_Term-1,14,0.5514410229592073,12
pp3,Long_Term-1,15,0.32365542549400067,99
pp3,Long_Term-1,16,0.41666053904424255,16
pp3,Long_Term-1,17,0.2132511980311494,20
pp3,Long_Term-1,18,0.575774818867724,339
pp3,Long_Term-1,19,0.6919189110247712,1
pp3,Long_Term-1,20,0.12455044555080333,493
pp3,Long_Term-1,21,0.38949001591895105,34
pp3,Long_Term-1,22,0.09926953994687204,3
pp3,Long_Term-1,23,0.45366901626591527,8
pp3,Long_Term-1,24,0.23941680717389788,38
pp3,Long_Term-1,25,-0.45898633097223573,7
pp3,Long_Term-1,26,0.5490179577892,75
pp3,Long_Term-1,27,1.5895680175269014,23
pp3,Long_Term-1,28,0.1281510119851067,55
pp3,Long_Term-1,29,2.1672460493517427,3
pp3,Long_Term-1,30,-0.5260389380529594,243
pp3,Long_Term-1,35,0.18336317556315973,6
pp3,Long_Term-1,37,-0.5131437586971463,2
pp3,Long_Term-1,40,0.9266838755839868,1
pp3,Long_Term-1,41,-0.8666348632224279,2
pp3,Long_Term-1,42,-2.18236835287398,1
pp3,Long_Term-1,43,-0.3578816278576268,1
pp3,Long_Term-1,52,-0.2920541106253876,2
pp3,Long_Term-1,56,-0.8123628933684537,9
pp3,Long_Term-1,68,-0.334984332975064,1
pp3,Long_Term-1,72,0.2351628290284024,2
pp3,Long_Term-1,92,-0.327349396569905,4
pp3,Long_Term-1,97,2.044708374761762,5
pp4,Short_Term-1,0,-0.019308850036353322,190
pp4,Short_Term-1,1,0.5076129422702171,79
pp4,Short_Term-1,2,0.5593617909777938,29
pp4,Short_Term-1,3,-0.09609477382017143,168
pp4,Short_Term-1,4,-0.0014516196390077336,58
pp4,Short_Term-1,5,-0.37101514190674106,857
pp4,Short_Term-1,6,0.3415054392765189,20
pp4,Short_Term-1,7,-0.014478097792608578,327
pp4,Short_Term-1,8,0.9610501858860624,151
pp4,Short_Term-1,9,-0.37114959560129035,5
pp4,Short_Term-1,10,-0.039752528029763784,362
pp4,Short_Term-1,11,0.47575275003760353,90
pp4,Short_Term-1,12,0.9863232459112743,30
pp4,Short_Term-1,13,0.2556528439769118,9
pp4,Short_Term-1,14,0.8975239584330489,9
pp4,Short_Term-1,15,0.7460466808144878,82
pp4,Short_Term-1,16,-0.2775473284138336,9
pp4,Short_Term-1,17,0.8319174323163476,5
pp4,Short_Term-1,18,0.7881614596204884,1825
pp4,Short_Term-1,19,-0.7273308803520238,2
pp4,Short_Term-1,20,-0.5699647286693511,365
pp4,Short_Term-1,21,0.6903825796283671,21
pp4,Short_Term-1,22,1.2023983009122796,5
pp4,Short_Term-1,23,-0.3362196349135778,52
pp4,Short_Term-1,24,0.6797312157459646,11
pp4,Short_Term-1,25,0.6806111172515183,11
pp4,Short_Term-1,26,0.12047189723694045,112
pp4,Short_Term-1,27,-0.2146324744567916,135
pp4,Short_Term-1,28,-0.43028792944606853,32
pp4,Short_Term-1,29,0.6197846341906129,7
pp4,Short_Term-1,30,-0.34905061137377197,335
pp4,Short_Term-1,32,1.402486318522337,2
pp4,Short_Term-1,33,0.2696669862899538,324
pp4,Short_Term-1,35,-1.3069372317830157,16
pp4,Short_Term-1,36,0.0428531053289712,2
pp4,Short_Term-1,37,-0.1712609312171226,19
pp4,Short_Term-1,38,1.803728029249231,1
pp4,Short_Term-1,40,1.5344146610447753,1
pp4,Short_Term-1,41,1.654300375334442,1
pp4,Short_Term-1,43,0.13904170677259728,2
pp4,Short_Term-1,49,0.06017531797337165,273
pp4,Short_Term-2,0,0.20818387789962894,55
pp4,Short_Term-2,1,0.17360361098083846,18
pp4,Short_Term-2,2,0.7741835437466914,1
pp4,Short_Term-2,3,0.20406328765461246,61
pp4,Short_Term-2,4,0.241035474494358,8
pp4,Short_Term-2,5,0.4738707052841836,378
pp4,Short_Term-2,6,0.7018899373112611,2
pp4,Short_Term-2,7,-0.1770428791694443,144
pp4,Short_Term-2,8,0.10291500827541375,47
pp4,Short_Term-2,9,0.9500716025094207,2
pp4,Short_Term-2,10,0.26778155111655094,66
pp4,Short_Term-2,11,0.29522427257189937,30
pp4,Short_Term-2,12,0.6578819861208933,5
pp4,Short_Term-2,15,0.24864868020333858,5
pp4,Short_Term-2,18,-0.19850447273215208,1146
pp4,Short_Term-2,20,0.14690980319744565,115
pp4,Short_Term-2,21,-0.1319966198625728,6
pp4,Short_Term-2,23,-0.5983069710619537,159
pp4,Short_Term-2,26,0.016494449953095545,24
pp4,Short_Term-2,27,-0.10029894620021687,660
pp4,Short_Term-2,28,1.3844822909516878,2
pp4,Short_Term-2,30,-0.44922949895034037,86
pp4,Short_Term-2,31,-0.09155836141315489,15
pp4,Short_Term-2,35,0.6472256851357676,2
pp4,Short_Term-2,36,-0.35675543289260797,2
pp4,Short_Term-2,45,-0.7538333124388875,3
pp4,Novel-1,0,-0.3559424345377396,132
pp4,Novel-1,1,-0.8769805988571064,37
pp4,Novel-1,2,-0.4756469645432814,18
pp4,Novel-1,3,-0.10080890465705947,94
pp4,Novel-1,4,-0.32806357176288414,34
pp4,Novel-1,5,-0.7485871561029288,301
pp4,Novel-1,6,-0.7831573264381859,24
pp4,Novel-1,7,-1.1483772256560707,127
pp4,Novel-1,8,-0.13944695351794814,62
pp4,Novel-1,9,-0.15452103565588812,13
pp4,Novel-1,10,-0.1958730297444227,162
pp4,Novel-1,11,0.04803792037587898,9
pp4,Novel-1,12,0.1840388142025707,8
pp4,Novel-1,13,-0.03502435807814955,5
pp4,Novel-1,14,0.6734033172410833,6
pp4,Novel-1,15,-0.41462058892187503,5
pp4,Novel-1,16,-1.4961830455733771,6
pp4,Novel-1,17,-1.5980238786784269,1
pp4,Novel-1,18,-0.3066866819385701,718
pp4,Novel-1,19,0.39450140633170055,12
pp4,Novel-1,20,-1.5102941412667814,265
pp4,Novel-1,21,-0.2894744852056843,10
pp4,Novel-1,22,-2.6092670871574586,1
pp4,Novel-1,23,-1.0000560594569377,84
pp4,Novel-1,24,0.2706253093726708,10
pp4,Novel-1,26,0.13280715606158183,49
pp4,Novel-1,27,-0.46721031489459675,390
pp4,Novel-1,28,-0.29856756668431345,10
pp4,Novel-1,29,-0.18677592966770046,7
pp4,Novel-1,30,-1.6198614993773104,369
pp4,Novel-1,31,-0.22103261430568627,33
pp4,Novel-1,32,-0.8655985394688305,1
pp4,Novel-1,34,-0.5712075446717132,6
pp4,Novel-1,35,-1.0175872513771387,3
pp4,Novel-1,36,0.0019258134021873318,5
pp4,Novel-1,40,-0.5950722046763214,1
pp4,Novel-1,47,0.9919151076894585,6
pp4,Long_Term-1,0,0.21597402624204148,106
pp4,Long_Term-1,1,0.2113446145647189,41
pp4,Long_Term-1,2,0.3218449762302094,30
pp4,Long_Term-1,3,0.14578742332223685,77
pp4,Long_Term-1,4,0.18570999195454538,46
pp4,Long_Term-1,5,0.29102571539968863,123
pp4,Long_Term-1,6,0.6633302309270993,24
pp4,Long_Term-1,7,0.4691688467370686,16
pp4,Long_Term-1,8,0.16008425847415578,132
pp4,Long_Term-1,9,0.41215013163959313,37
pp4,Long_Term-1,10,0.5392298994418265,97
pp4,Long_Term-1,11,0.6523873714394288,15
pp4,Long_Term-1,12,0.8842709278394064,9
pp4,Long_Term-1,13,0.009503744463287634,6
pp4,Long_Term-1,14,0.8864165076293786,16
pp4,Long_Term-1,15,0.9279513818254,28
pp4,Long_Term-1,16,0.12383221500432791,14
pp4,Long_Term-1,17,-0.08206280503979702,5
pp4,Long_Term-1,18,0.2374296753025073,739
pp4,Long_Term-1,19,0.42816907910631163,5
pp4,Long_Term-1,20,-0.01339853758429031,10
pp4,Long_Term-1,21,0.06748062969191772,7
pp4,Long_Term-1,22,0.5816705414815022,5
pp4,Long_Term-1,24,0.060013095857925976,4
pp4,Long_Term-1,25,0.7868994637922297,7
pp4,Long_Term-1,26,-0.35970021085911025,11
pp4,Long_Term-1,27,0.2319264556852615,1390
pp4,Long_Term-1,28,-0.16278485057276015,16
pp4,Long_Term-1,29,0.2465445974442745,1
pp4,Long_Term-1,31,-0.13143817004114872,4
pp4,Long_Term-1,32,0.6927138199485138,1
pp4,Long_Term-1,40,0.6279967842090897,1
pp4,Long_Term-1,47,-0.19982585318987645,6
pp6,Short_Term-1,0,0.42233266060214014,478
pp6,Short_Term-1,1,0.2522018553811431,115
pp6,Short_Term-1,2,1.1720726317157732,73
pp6,Short_Term-1,3,0.5776925057416943,429
pp6,Short_Term-1,4,0.9917037734160686,93
pp6,Short_Term-1,5,-0.16875443020474332,1077
pp6,Short_Term-1,6,0.8144236244145604,59
pp6,Short_Term-1,7,0.22599300904587544,836
pp6,Short_Term-1,8,0.028593913105493748,120
pp6,Short_Term-1,9,0.5891735174950317,44
pp6,Short_Term-1,10,0.38346443386781626,619
pp6,Short_Term-1,11,-0.09204988296979291,72
pp6,Short_Term-1,12,0.18324898329042355,53
pp6,Short_Term-1,13,1.5552660734595178,12
pp6,Short_Term-1,14,1.5892222573090928,20
pp6,Short_Term-1,15,-0.23194953669207521,13
pp6,Short_Term-1,16,0.26398558343810713,44
pp6,Short_Term-1,17,0.020330979670845916,15
pp6,Short_Term-1,18,0.4885816768456367,148
pp6,Short_Term-1,19,1.6857559845096155,16
pp6,Short_Term-1,20,-0.4766345129473647,647
pp6,Short_Term-1,21,-0.09164536608295025,7
pp6,Short_Term-1,22,1.3875275060803023,10
pp6,Short_Term-1,23,0.24617403632257434,239
pp6,Short_Term-1,24,-0.08574236728038971,28
pp6,Short_Term-1,25,-0.5565236274025992,12
pp6,Short_Term-1,26,1.2164144891435995,4
pp6,Short_Term-1,27,0.6371124513780106,74
pp6,Short_Term-1,28,0.16694861961137042,11
pp6,Short_Term-1,29,0.3974209538214178,19
pp6,Short_Term-1,30,-0.1815297617634917,501
pp6,Short_Term-1,31,-0.6654844111823602,3
pp6,Short_Term-1,32,1.3415643460544742,6
pp6,Short_Term-1,33,-1.0177292244047156,12
pp6,Short_Term-1,34,1.1812915846246694,13
pp6,Short_Term-1,36,0.6098281887122993,5
pp6,Short_Term-1,38,1.0314374084986837,3
pp6,Short_Term-1,39,1.2523153676472503,2
pp6,Short_Term-1,40,1.1932838498159748,2
pp6,Short_Term-1,42,2.243393817723383,2
pp6,Short_Term-1,45,0.4438695638094776,18
pp6,Short_Term-1,52,0.6643841566710824,1
pp6,Short_Term-1,59,-0.24467966396318477,3
pp6,Short_Term-1,67,-0.8887859162485297,2
pp6,Short_Term-1,75,0.3115517826591313,5
pp6,Short_Term-1,80,-0.8197741902402224,1
pp6,Short_Term-1,85,0.4631387875973915,3
pp6,Short_Term-1,91,0.6960057933786854,42
pp6,Short_Term-1,95,0.43197693427933204,3
pp6,Short_Term-2,0,-0.9135886859828083,117
pp6,Short_Term-2,1,-0.9307905049311104,24
pp6,Short_Term-2,2,-0.4848214442413706,8
pp6,Short_Term-2,3,-0.7645503000419581,164
pp6,Short_Term-2,4,-0.5519907002087836,7
pp6,Short_Term-2,5,-0.9493965355118126,418
pp6,Short_Term-2,6,-0.15119528064142854,12
pp6,Short_Term-2,7,-0.7796603337614452,475
pp6,Short_Term-2,8,-1.1045923446913892,13
pp6,Short_Term-2,9,0.13032667732366784,6
pp6,Short_Term-2,10,-0.36631059199180876,290
pp6,Short_Term-2,11,-0.7383943399248835,23
pp6,Short_Term-2,12,-0.7348774933625541,8
pp6,Short_Term-2,13,0.04478144579681641,2
pp6,Short_Term-2,15,-0.013172819818325548,8
pp6,Short_Term-2,16,0.11312755827105461,5
pp6,Short_Term-2,17,-0.10366022293249447,5
pp6,Short_Term-2,18,-0.8252145510365928,3
pp6,Short_Term-2,19,0.5903375265806488,4
pp6,Short_Term-2,20,-0.7785877711103452,891
pp6,Short_Term-2,22,0.7283228143313326,1
pp6,Short_Term-2,23,-0.26564240461429883,332
pp6,Short_Term-2,25,-0.13429933914214234,2
pp6,Short_Term-2,26,0.20198508455866168,6
pp6,Short_Term-2,27,0.030284892041422977,142
pp6,Short_Term-2,30,-1.822100187414589,104
pp6,Short_Term-2,31,-0.19445546662630075,2
pp6,Short_Term-2,90,-0.2624951268852508,4
pp6,Novel-1,0,0.6620286788943752,190
pp6,Novel-1,1,0.5184858706639827,41
pp6,Novel-1,2,0.4375513548746995,46
pp6,Novel-1,3,0.46745693468630517,201
pp6,Novel-1,4,0.5711905246237107,53
pp6,Novel-1,5,0.40222080920661357,560
pp6,Novel-1,6,-0.06379733772913222,31
pp6,Novel-1,7,0.719558549996374,319
pp6,Novel-1,8,0.723404730333928,93
pp6,Novel-1,9,0.31107404155894414,27
pp6,Novel-1,10,0.5467030336059968,254
pp6,Novel-1,11,0.45504524841267385,40
pp6,Novel-1,12,0.41105576951931827,23
pp6,Novel-1,13,0.17466710293000795,24
pp6,Novel-1,14,0.2557231552945846,10
pp6,Novel-1,15,0.24083642601414476,23
pp6,Novel-1,16,-0.06468679212997282,14
pp6,Novel-1,17,0.5415261664620921,16
pp6,Novel-1,18,0.48758828637812063,40
pp6,Novel-1,19,0.6706673194531423,14
pp6,Novel-1,20,0.22000138010095208,464
pp6,Novel-1,21,0.8743570257997144,14
pp6,Novel-1,22,-0.06937516883004045,17
pp6,Novel-1,23,0.20698496778252232,197
pp6,Novel-1,24,0.35525694969721683,19
pp6,Novel-1,25,0.8753006983055456,3
pp6,Novel-1,26,1.4116371082546468,17
pp6,Novel-1,27,1.0023000612583624,112
pp6,Novel-1,28,0.5456654950367282,2
pp6,Novel-1,29,1.3805776252366895,13
pp6,Novel-1,30,0.8255865873591277,81
pp6,Novel-1,31,1.3324541978671811,24
pp6,Novel-1,32,0.053168221445366044,11
pp6,Novel-1,34,-0.1476266235565586,7
pp6,Novel-1,35,1.5355922889309546,2
pp6,Novel-1,36,-0.5834849703653884,1
pp6,Novel-1,38,0.7475418473301102,6
pp6,Novel-1,39,-0.09605716787104804,5
pp6,Novel-1,40,1.101451506280014,1
pp6,Novel-1,42,1.106425656320624,1
pp6,Novel-1,43,0.2657313874496584,2
pp6,Novel-1,47,1.2216651634558162,2
pp6,Novel-1,51,0.7017493069129046,1
pp6,Novel-1,53,0.7928306937369477,1
pp6,Novel-1,77,0.4552774678348839,1
pp6,Novel-1,82,-0.20143308418162545,2
pp6,Novel-1,85,-0.8294435234389479,2
pp6,Long_Term-1,0,-0.29483596659505434,156
pp6,Long_Term-1,1,-0.3850672003906671,9
pp6,Long_Term-1,2,-0.04878445691363269,9
pp6,Long_Term-1,3,-0.6295303072565803,162
pp6,Long_Term-1,4,-0.41281252508578725,18
pp6,Long_Term-1,5,-0.34561576232357977,429
pp6,Long_Term-1,7,0.017017022272254666,491
pp6,Long_Term-1,8,-1.2403692032168117,5
pp6,Long_Term-1,9,-0.49465712215548346,9
pp6,Long_Term-1,10,-0.38596907517605,339
pp6,Long_Term-1,11,-1.0852976620891326,14
pp6,Long_Term-1,12,-0.6274827407718377,3
pp6,Long_Term-1,13,-0.4451337351092961,2
pp6,Long_Term-1,15,0.4420726226756021,1
pp6,Long_Term-1,16,-0.7270324660696271,15
pp6,Long_Term-1,17,0.6270481744230806,1
pp6,Long_Term-1,19,-0.7936092074578422,1
pp6,Long_Term-1,20,0.27257909002963976,375
pp6,Long_Term-1,22,-0.6408317604390393,1
pp6,Long_Term-1,23,0.02551750599380291,631
pp6,Long_Term-1,27,-0.5232756144258888,194
pp6,Long_Term-1,30,0.6873940242757778,167
pp7,Short_Term-1,0,0.64791653538793,228
pp7,Short_Term-1,1,0.8136517385107944,33
pp7,Short_Term-1,2,2.2545309415555495,21
pp7,Short_Term-1,3,0.5004789965704584,398
pp7,Short_Term-1,4,0.799791017258144,18
pp7,Short_Term-1,5,-0.20691325494922275,841
pp7,Short_Term-1,6,1.8418300402596912,12
pp7,Short_Term-1,7,0.14775507115528935,603
pp7,Short_Term-1,8,-0.35967960097311574,118
pp7,Short_Term-1,9,0.7039978727758165,16
pp7,Short_Term-1,10,0.28257652821146667,324
pp7,Short_Term-1,11,0.24422488894258573,22
pp7,Short_Term-1,12,-0.36208358987420886,20
pp7,Short_Term-1,13,2.1010558672046193,5
pp7,Short_Term-1,14,2.6819951257655053,12
pp7,Short_Term-1,15,-0.23475572700689792,9
pp7,Short_Term-1,16,3.325858120596068,10
pp7,Short_Term-1,17,1.89424605504034,5
pp7,Short_Term-1,18,-0.3184006491981206,226
pp7,Short_Term-1,19,2.870363237428691,2
pp7,Short_Term-1,20,0.1613860189583695,403
pp7,Short_Term-1,21,-0.6183073133520769,12
pp7,Short_Term-1,23,0.4002554947063845,994
pp7,Short_Term-1,24,0.5128073496822486,18
pp7,Short_Term-1,26,-0.5970411230494649,98
pp7,Short_Term-1,27,0.8417426616880108,321
pp7,Short_Term-1,28,0.39938560706672155,9
pp7,Short_Term-1,29,-0.9363429691362786,3
pp7,Short_Term-1,30,-0.30165789356732065,631
pp7,Short_Term-1,31,0.3229857165729487,48
pp7,Short_Term-1,32,-0.8636717841784824,1
pp7,Short_Term-1,35,0.47949245829656634,3
pp7,Short_Term-1,36,0.093687481896287,2
pp7,Short_Term-1,38,3.426291021071894,1
pp7,Short_Term-1,42,-2.023988021100073,1
pp7,Short_Term-1,49,-0.8896993652181393,543
pp7,Short_Term-1,56,1.4114233249850405,4
pp7,Short_Term-1,77,-0.9299740363274245,4
pp7,Short_Term-2,0,0.07995589973432116,264
pp7,Short_Term-2,1,0.36892173995899996,89
pp7,Short_Term-2,2,0.34295832134508486,50
pp7,Short_Term-2,3,0.3798759262174274,191
pp7,Short_Term-2,4,0.0743368171213327,86
pp7,Short_Term-2,5,-1.1774007908962023,481
pp7,Short_Term-2,6,0.41297658188228065,19
pp7,Short_Term-2,7,-0.05027059593065673,329
pp7,Short_Term-2,8,0.43806095491757663,140
pp7,Short_Term-2,9,0.3584150752811096,59
pp7,Short_Term-2,10,0.07747005457850493,188
pp7,Short_Term-2,11,0.4933256522529537,111
pp7,Short_Term-2,12,0.43000924387368306,41
pp7,Short_Term-2,13,0.1277054396702213,6
pp7,Short_Term-2,14,0.500159767007673,18
pp7,Short_Term-2,15,0.07664059590466807,10
pp7,Short_Term-2,16,0.219224423725311,8
pp7,Short_Term-2,17,0.2785324407109873,7
pp7,Short_Term-2,18,0.2960238764294253,40
pp7,Short_Term-2,20,-1.9998227369573804,326
pp7,Short_Term-2,21,0.7565963197965022,21
pp7,Short_Term-2,22,0.3869078497452629,3
pp7,Short_Term-2,23,-1.5179078240403183,169
pp7,Short_Term-2,24,1.2023471423105412,1
pp7,Short_Term-2,25,-0.45684000483483533,11
pp7,Short_Term-2,26,1.4521027232209744,12
pp7,Short_Term-2,27,0.9024588933491444,64
pp7,Short_Term-2,28,1.0317041333609347,23
pp7,Short_Term-2,29,-0.3136531223003091,7
pp7,Short_Term-2,30,-0.48398468228819985,184
pp7,Short_Term-2,31,0.2136019124318599,1
pp7,Short_Term-2,33,-0.21235989663577545,21
pp7,Short_Term-2,35,-0.30268393764990364,10
pp7,Short_Term-2,53,0.2144362260171202,4
pp7,Short_Term-2,55,1.5202037715900205,9
pp7,Short_Term-2,61,-0.3719197302172143,1
pp7,Short_Term-2,66,0.2784756243742774,5
pp7,Short_Term-2,68,-0.06597196995902967,3
pp7,Short_Term-2,71,-0.3252165210679467,1
pp7,Short_Term-2,73,0.5862358226586111,9
pp7,Short_Term-2,74,1.6358441750360688,2
pp7,Short_Term-2,78,-0.0478697627158249,3
pp7,Short_Term-2,84,0.1905758055054663,1
pp7,Short_Term-2,90,-0.1431978982610645,1
pp7,Novel-1,0,0.820069893064742,48
pp7,Novel-1,1,0.9901442915260857,6
pp7,Novel-1,2,1.036675997399511,34
pp7,Novel-1,3,0.43535421205770225,70
pp7,Novel-1,4,1.4289895476697572,48
pp7,Novel-1,5,-0.14220716636344097,298
pp7,Novel-1,6,1.2888885227007045,19
pp7,Novel-1,7,-0.33453733627346816,187
pp7,Novel-1,8,-0.34177783975128323,4
pp7,Novel-1,9,1.0624125936485849,19
pp7,Novel-1,10,-0.4510021503181494,78
pp7,Novel-1,12,-1.0057985866522778,1
pp7,Novel-1,13,1.2139192232868619,13
pp7,Novel-1,14,0.6690150840108264,26
pp7,Novel-1,15,1.9489558413195707,2
pp7,Novel-1,16,1.7316410010076628,3
pp7,Novel-1,17,1.1447545543359459,2
pp7,Novel-1,18,-0.44569079094346103,31
pp7,Novel-1,19,1.6263285668151664,2
pp7,Novel-1,20,-0.48275267706116354,1084
pp7,Novel-1,22,1.0948138550543716,4
pp7,Novel-1,23,-0.15811098843814902,93
pp7,Novel-1,24,0.24111452411073758,5
pp7,Novel-1,25,1.128754398692326,4
pp7,Novel-1,27,1.0745534775496293,43
pp7,Novel-1,30,0.08541528651521886,898
pp7,Novel-1,34,1.1373453911213427,2
pp7,Novel-1,38,-0.3179404269109628,2
pp7,Novel-1,42,0.8910260459285677,4
pp7,Novel-1,70,1.3408952604114726,2
pp8,Short_Term-1,0,0.6241266560535307,412
pp8,Short_Term-1,1,0.4267368208298105,144
pp8,Short_Term-1,2,0.9350703242216983,119
pp8,Short_Term-1,3,0.6559294302196162,249
pp8,Short_Term-1,4,0.7008968080774497,155
pp8,Short_Term-1,5,0.46993241757342313,810
pp8,Short_Term-1,6,0.8829744458547025,57
pp8,Short_Term-1,7,0.542988622477303,491
pp8,Short_Term-1,8,0.5797306756284164,126
pp8,Short_Term-1,9,0.4109082279527499,65
pp8,Short_Term-1,10,0.48187590068723496,419
pp8,Short_Term-1,11,0.7050130937650254,110
pp8,Short_Term-1,12,0.6065152302939032,49
pp8,Short_Term-1,13,0.8155184783271682,24
pp8,Short_Term-1,14,1.0638291313303905,50
pp8,Short_Term-1,15,0.733057885155453,46
pp8,Short_Term-1,16,0.9745131081646006,32
pp8,Short_Term-1,17,0.6623593850168392,18
pp8,Short_Term-1,18,0.48121773714156896,86
pp8,Short_Term-1,19,1.372358660494243,31
pp8,Short_Term-1,20,0.39274811689044153,856
pp8,Short_Term-1,21,0.4202614556589797,62
pp8,Short_Term-1,22,0.9659826548374595,4
pp8,Short_Term-1,23,0.14532805868296078,520
pp8,Short_Term-1,24,1.2512101152888258,7
pp8,Short_Term-1,25,1.4306030908222418,3
pp8,Short_Term-1,26,0.27698757402736324,80
pp8,Short_Term-1,27,0.7370240391638488,63
pp8,Short_Term-1,28,0.9848363392205651,7
pp8,Short_Term-1,29,0.5372438275312833,2
pp8,Short_Term-1,30,-0.1372384440459612,881
pp8,Short_Term-1,31,-0.847489125670704,8
pp8,Short_Term-1,32,1.2442642215595092,3
pp8,Short_Term-1,33,0.9525471839759351,3
pp8,Short_Term-1,34,1.2312416471791316,1
pp8,Short_Term-1,35,0.946132211231797,6
pp8,Short_Term-1,36,0.9871654307376853,3
pp8,Short_Term-1,37,0.2319333931094686,1
pp8,Short_Term-1,38,2.3770369669271054,1
pp8,Short_Term-1,40,0.6713710439069189,2
pp8,Short_Term-1,50,0.2404382656335406,2
pp8,Short_Term-1,62,1.1779785470305846,1
pp8,Short_Term-1,65,-0.731793634990098,3
pp8,Short_Term-1,68,1.3364168183240672,1
pp8,Short_Term-1,86,1.5280404557009482,3
pp8,Short_Term-1,88,1.857967967732682,1
pp8,Short_Term-1,93,-0.3905647292669497,2
pp8,Short_Term-2,0,0.17232718915603848,55
pp8,Short_Term-2,1,-0.14580635351363494,11
pp8,Short_Term-2,2,0.07219130117120973,5
pp8,Short_Term-2,3,0.11798820205076395,215
pp8,Short_Term-2,4,-0.04896360800111297,14
pp8,Short_Term-2,5,0.1652491790857714,515
pp8,Short_Term-2,6,0.6228061261092519,2
pp8,Short_Term-2,7,0.4213184847087184,699
pp8,Short_Term-2,8,0.019681941717201158,14
pp8,Short_Term-2,9,-0.0330080861811871,1
pp8,Short_Term-2,10,0.6710730135525625,230
pp8,Short_Term-2,11,-0.023238970711299975,8
pp8,Short_Term-2,12,-0.07960042029361586,4
pp8,Short_Term-2,13,-0.1695551072018359,1
pp8,Short_Term-2,16,0.435543061404882,6
pp8,Short_Term-2,17,0.07821775371886505,3
pp8,Short_Term-2,18,-0.0947970327789827,38
pp8,Short_Term-2,19,0.4953774521728166,1
pp8,Short_Term-2,20,0.5736045547614123,675
pp8,Short_Term-2,21,-0.0014316991166771656,8
pp8,Short_Term-2,23,0.2064833595806749,255
pp8,Short_Term-2,24,-0.03675355391372165,6
pp8,Short_Term-2,26,0.2984495723395257,4
pp8,Short_Term-2,27,0.7215828895411157,48
pp8,Short_Term-2,28,0.18413234458434,9
pp8,Short_Term-2,29,-0.0040975551238692,1
pp8,Short_Term-2,30,-0.10206461682428776,209
pp8,Short_Term-2,31,0.5646200146807867,5
pp8,Novel-1,0,-0.30736578008310383,124
pp8,Novel-1,1,-0.6409820116761075,27
pp8,Novel-1,2,-0.13581864450314515,33
pp8,Novel-1,3,-0.7585970271156897,146
pp8,Novel-1,4,-0.5498293362131771,58
pp8,Novel-1,5,-0.8317904691636336,318
pp8,Novel-1,6,-0.061442370384273186,11
pp8,Novel-1,7,-0.8643903490964181,383
pp8,Novel-1,8,-0.7052649680960961,25
pp8,Novel-1,9,-0.4486600209626501,10
pp8,Novel-1,10,-1.0562884203814877,74
pp8,Novel-1,11,-0.5645085655869992,37
pp8,Novel-1,12,-0.7228823691868053,8
pp8,Novel-1,13,0.724025999843161,1
pp8,Novel-1,14,0.09756845301776132,14
pp8,Novel-1,15,-0.2758314349857639,4
pp8,Novel-1,16,-0.5766582170898167,14
pp8,Novel-1,17,-1.007716017559661,6
pp8,Novel-1,18,-0.8407672118210299,34
pp8,Novel-1,19,0.4895343159244368,13
pp8,Novel-1,20,-1.1536447698400227,524
pp8,Novel-1,22,0.1327856836879369,1
pp8,Novel-1,23,-1.369055500029935,338
pp8,Novel-1,24,-0.9016740127396431,9
pp8,Novel-1,25,-0.3298470951712646,12
pp8,Novel-1,26,-0.3013026819645193,9
pp8,Novel-1,27,-1.0508806549775032,68
pp8,Novel-1,29,0.3956734026709284,1
pp8,Novel-1,30,-1.0204411358193957,687
pp8,Novel-1,31,-0.6898276029167048,18
pp8,Novel-1,32,0.4613016207862208,1
pp8,Novel-1,46,-0.08808898685948818,12
pp8,Novel-1,71,-0.8808717952168315,3
pp8,Novel-1,84,-1.0584889355781644,4
pp8,Long_Term-1,0,0.5222203996478146,84
pp8,Long_Term-1,1,0.8275202025779653,6
pp8,Long_Term-1,2,0.8719793758707596,15
pp8,Long_Term-1,3,0.1837702761925831,86
pp8,Long_Term-1,4,0.9693013876497061,36
pp8,Long_Term-1,5,-0.18711937271767987,245
pp8,Long_Term-1,6,0.7099423808630118,8
pp8,Long_Term-1,7,0.14122433184606142,412
pp8,Long_Term-1,8,0.4803893713651132,5
pp8,Long_Term-1,9,1.5333847793899116,2
pp8,Long_Term-1,10,-0.3915019014887922,171
pp8,Long_Term-1,12,1.1918835159118868,1
pp8,Long_Term-1,14,0.5207648895831042,5
pp8,Long_Term-1,15,1.3815997496231047,5
pp8,Long_Term-1,16,0.7235630904466792,10
pp8,Long_Term-1,18,2.683718688389808,3
pp8,Long_Term-1,19,0.5686420275052574,1
pp8,Long_Term-1,20,-0.22043947287043644,827
pp8,Long_Term-1,21,0.358788186866106,5
pp8,Long_Term-1,22,0.45592826283699595,4
pp8,Long_Term-1,23,-0.11523691616316607,890
pp8,Long_Term-1,25,-0.8458316314064114,5
pp8,Long_Term-1,27,0.6539104015188523,173
pp8,Long_Term-1,29,0.20440568580947335,2
pp8,Long_Term-1,31,-0.5001679606230444,8
pp8,Long_Term-1,70,-0.6528356478448283,2
pp8,Long_Term-1,96,-0.604061085095499,13
