transition_idx,time_s,from_state,to_state,behavior_active,zscore_DA
17,185.8,3,0,Investigation,3.2438915296393653
59,190.0,0,3,Investigation,3.854256454983243
65,190.6,3,1,Investigation,2.958320040975042
92,193.3,1,0,Investigation,4.773477683030039
102,194.3,0,1,Investigation,3.432958817876417
111,195.2,1,0,Investigation,4.526044448005269
116,195.7,0,3,Investigation,2.6874513071794173
145,198.6,3,0,Investigation,6.714550819468728
157,199.8,0,1,Investigation,12.306696394763646
173,201.4,1,2,Investigation,2.7541106199512635
192,203.3,2,3,Investigation,4.298545559114718
197,203.8,3,0,Investigation,2.01873431472202
200,204.1,0,3,Investigation,1.5742188479911998
207,204.8,3,0,Investigation,2.862717388099587
213,205.4,0,3,Investigation,0.96611200205814
219,206.0,3,1,Investigation,0.0453009948263059
231,207.2,1,2,Investigation,2.488870694878061
248,208.9,2,3,Investigation,4.144995900395417
266,210.7,3,0,Investigation,3.134443638113467
286,212.7,0,1,Investigation,0.0990649479020487
299,214.0,1,0,Investigation,0.6202485215903701
304,214.5,0,1,Investigation,1.9180396445569423
312,215.3,1,2,Investigation,-0.188671160634187
321,216.2,2,3,Investigation,1.9343101996007737
325,216.6,3,0,Investigation,1.139315248847962
331,217.2,0,3,Investigation,0.968784827546904
341,218.2,3,2,Investigation,1.5847790420707664
358,219.9,2,3,Investigation,2.6035924721782826
382,222.3,3,2,Investigation,-0.009333493413242
409,225.0,2,3,Investigation,2.2176088263861464
419,226.0,3,0,Investigation,0.0852812326357157
423,226.4,0,3,Investigation,2.1209580213129664
430,227.1,3,2,Investigation,1.397326669593177
448,228.9,2,3,Investigation,-0.0628832525840632
467,230.8,3,0,Investigation,0.976435863749463
473,231.4,0,1,Investigation,0.7470836233271527
478,231.9,1,2,Investigation,-0.155964448055477
495,233.6,2,3,Investigation,1.996228640416331
503,234.4,3,0,Investigation,0.9278019178302092
510,235.1,0,3,Investigation,0.5718565845979496
517,235.8,3,0,Investigation,0.7765315393463806
526,236.7,0,3,Investigation,2.9605664763852952
593,243.4,3,2,Investigation,-0.2309845775809281
635,247.6,2,3,Investigation,0.0593921408826962
643,248.4,3,0,Investigation,-0.0221303573433633
660,250.1,0,1,Investigation,-0.0931707488859182
668,250.9,1,0,Investigation,1.1534306967279937
692,253.3,0,3,Aggression,-0.4326077504494896
704,254.5,3,2,,1.0382227422126007
726,256.7,2,3,,3.5708445665129447
756,259.7,3,2,,2.239353370211291
767,260.8,2,3,,2.771817349236352
778,261.9,3,2,,0.0926208326678262
787,262.8,2,3,,0.9705320205969988
798,263.9,3,2,,0.2229948554115868
829,267.0,2,3,Approach,2.054973249252805
847,268.8,3,0,,0.0363427366166015
850,269.1,0,1,,0.0092771783953084
872,271.3,1,0,,-0.4426056853405665
877,271.8,0,1,,-0.1374390003927321
889,273.0,1,2,,-0.1989752276310989
923,276.4,2,3,,2.348405149754818
937,277.8,3,0,,0.1933897227079345
968,280.9,0,3,,0.0941124244962473
975,281.6,3,2,,-0.7952114877267238
980,282.1,2,3,,-0.5803242973416083
997,283.8,3,2,,-0.9295681043513192
1035,287.6,2,3,,-0.6458739029432211
1038,287.9,3,1,,-0.2582390034337551
1045,288.6,1,3,,-0.6115393546302262
1055,289.6,3,2,,-0.3420212769842559
1063,290.4,2,3,,0.0130232906674767
1070,291.1,3,0,,0.8589893480741978
1080,292.1,0,3,,3.2218403406012213
1096,293.7,3,2,,0.0891197204772888
1113,295.4,2,3,,0.3252296054454319
1120,296.1,3,0,,-0.3001265294463019
1141,298.2,0,3,,-0.1657164028834531
1153,299.4,3,2,,0.7084270154784814
1178,301.9,2,0,,-0.6686259407665708
1201,304.2,0,3,,-0.2921099575729347
1211,305.2,3,2,,-0.1496212859023857
1222,306.3,2,3,,-0.2267050716870159
1232,307.3,3,1,,-0.4652698802881669
1266,310.7,1,2,,-0.8240504662465773
1274,311.5,2,1,,-0.2506960479530919
1280,312.1,1,3,,-0.6743166466520295
1326,316.7,3,0,,0.0836705925904782
1342,318.3,0,3,,-1.0228728682501336
1358,319.9,3,2,,-0.6797917196273089
1392,323.3,2,1,,-1.1938584386697204
1397,323.8,1,0,,-1.150785708707137
1427,326.8,0,3,,-0.8536472938865161
1436,327.7,3,2,,0.7408215136354445
1442,328.3,2,3,,0.7191314785250602
1457,329.8,3,2,,0.1911985131460722
1497,333.8,2,3,,-0.9976172521571576
1519,336.0,3,2,,3.0522949330771887
1541,338.2,2,3,,-0.5955578711016208
1544,338.5,3,1,,-0.5712479287209925
1560,340.1,1,2,,0.6278563411519165
1573,341.4,2,3,,1.5786965992453488
1581,342.2,3,0,,0.4570521789039339
1595,343.6,0,3,,-0.840750880492602
1604,344.5,3,1,,-0.8783097152575999
1610,345.1,1,2,,0.513202641758163
1650,349.1,2,1,,-0.3174276329367441
1672,351.3,1,3,,-0.265125825680694
1703,354.4,3,0,,-0.0710871129508868
1720,356.1,0,3,,0.3861857958495377
1729,357.0,3,0,,-0.3867719124718546
1737,357.8,0,1,,-1.0305888801006042
1741,358.2,1,0,,1.6115023003830835
1752,359.3,0,1,,0.1517498241968816
1768,360.9,1,0,,0.6621129977916405
1774,361.5,0,1,,1.3078184772289394
1792,363.3,1,2,,-0.3430032205307124
1797,363.8,2,1,,-0.5628810984614429
1804,364.5,1,0,,-0.8071199531547322
1823,366.4,0,3,,-0.1385312210435431
1833,367.4,3,0,,-0.9961259792121204
1858,369.9,0,3,,-0.4394538325062622
1876,371.7,3,0,,1.6017870044686997
1884,372.5,0,3,,-0.0183575840572389
1898,373.9,3,1,,-0.3095851043720332
1901,374.2,1,3,,-0.4478991274360105
1915,375.6,3,2,,-0.2195968466322768
1937,377.8,2,3,,-0.2703183766069925
1950,379.1,3,2,,-0.539685787501889
1960,380.1,2,3,,0.1233788422238389
1976,381.7,3,2,,1.6352016517813526
2007,384.8,2,1,,-0.831594963705782
2033,387.4,1,2,,-0.314637813851451
2075,391.6,2,1,,-0.1438011216118566
2099,394.0,1,0,,-0.2818606556077716
2113,395.4,0,3,,0.2817704197507369
2135,397.6,3,0,,0.1385055154372963
2156,399.7,0,3,,-0.9431551131304644
2166,400.7,3,2,,-0.4870075967194444
2191,403.2,2,3,,-0.1139620689704686
2196,403.7,3,2,,0.1977811604359921
2227,406.8,2,3,,0.5116313192824721
2241,408.2,3,0,,-0.0926533909029849
2285,412.6,0,3,,-0.4662767753036637
2313,415.4,3,2,,1.5831662065657304
2328,416.9,2,3,,-0.5024564353874456
2359,420.0,3,2,,1.5139875947976549
2399,424.0,2,3,,-0.4601135371512971
2409,425.0,3,0,,-0.9775285016763514
2437,427.8,0,1,,-0.968929514708147
2449,429.0,1,0,,-1.068887825221455
2454,429.5,0,1,,-1.2258041410635372
2463,430.4,1,3,,-0.0044989652888244
2494,433.5,3,0,,-0.1509742223668574
2521,436.2,0,3,,0.5174556671866344
2550,439.1,3,0,,-0.4376284485071898
2575,441.6,0,2,,-0.6478694466591461
2606,444.7,2,3,,-0.6681837409088481
2621,446.2,3,0,,0.6190240845824786
2629,447.0,0,3,,-0.7062921331516977
2639,448.0,3,0,,-0.4385544977306521
2646,448.7,0,3,,-0.5243860092526014
2692,453.3,3,0,,0.0190412378758409
2707,454.8,0,3,,-0.7405232484978235
2714,455.5,3,1,,-0.7809432014347388
2719,456.0,1,2,,-0.7898053040189925
2738,457.9,2,3,,1.074150415449492
2746,458.7,3,0,,-0.205098128713004
2763,460.4,0,1,,0.3136272162718203
2796,463.7,1,2,,2.23393342900011
2800,464.1,2,1,,1.2364032286662283
2817,465.8,1,0,,-0.3952769772252952
2864,470.5,0,1,,-1.0363831980667564
2948,478.9,1,0,,-0.2597857736630993
2976,481.7,0,1,,-0.0813660967581152
3019,486.0,1,0,,1.0620554570188514
3025,486.6,0,3,,0.5557478180431926
3034,487.5,3,2,,2.020404570355576
3061,490.2,2,3,,-0.2163439429486618
3065,490.6,3,2,,-0.7173388576077196
3076,491.7,2,3,,-0.2207966068603656
3124,496.5,3,2,,-0.0155850090245902
3134,497.5,2,3,,-0.0528300626475722
3146,498.7,3,0,,-0.3853494310654214
3201,504.2,0,3,,-0.2478688081707145
3234,507.5,3,1,,-0.5843428392271168
3239,508.0,1,2,,-0.0400473956113141
3260,510.1,2,1,,-0.7179499898821874
3302,514.3,1,2,,0.0985161899520646
3318,515.9,2,1,,-0.9043656319320952
3328,516.9,1,0,,-0.2940926387691481
3332,517.3,0,3,,-0.5867578756684547
3347,518.8,3,2,,-0.8906062163174792
3446,528.7,2,3,,-0.4812972535618951
3461,530.2,3,0,,-0.9173245145012868
3485,532.6,0,3,,-0.9689711785765704
3498,533.9,3,0,,-0.2678996473210682
3523,536.4,0,3,,-0.8921797431289784
3528,536.9,3,2,,-0.8520495117187891
3533,537.4,2,3,,-0.1424995405936444
3548,538.9,3,2,,-0.6648653980828378
3559,540.0,2,3,,-0.5452766593154739
3587,542.8,3,1,,-0.6267477945332259
3612,545.3,1,2,,-0.6825585732004601
3622,546.3,2,1,,-0.8473040181985292
3649,549.0,1,0,,0.4954224953595336
3659,550.0,0,1,,-0.5401168689995932
3668,550.9,1,0,,-0.4366677609198874
3675,551.6,0,1,,-0.1382390183207626
3685,552.6,1,0,,-0.1155355346016524
3693,553.4,0,1,,-0.345725998373674
3708,554.9,1,3,,-0.4301209652898346
3738,557.9,3,2,,-0.7394891270593752
3743,558.4,2,3,,-0.5787187231077784
3776,561.7,3,0,,-0.5688534997446792
3785,562.6,0,3,,-0.6848315154386544
3802,564.3,3,0,,0.895265643469316
3809,565.0,0,3,,-0.2805055818301561
3845,568.6,3,2,,-0.3678158160878107
3884,572.5,2,3,,-0.7388329998335246
3894,573.5,3,0,,-0.8868478363051092
3936,577.7,0,3,,-0.2841901915511653
3948,578.9,3,0,,-0.5573486095231395
3967,580.8,0,1,,-0.2101347652258842
3986,582.7,1,2,,0.0438797251344825
4003,584.4,2,3,,-0.8641333275992221
4022,586.3,3,0,,-0.6147436710126168
4031,587.2,0,1,,-0.4030166422085112
4133,597.4,1,0,,-0.6429898455774365
4142,598.3,0,1,,-0.2606280969008926
4229,607.0,1,0,,0.1024597753675855
4242,608.3,0,1,,-0.7628375594445449
4254,609.5,1,0,,1.1192111037112005
4264,610.5,0,3,,-0.4224578999720941
4281,612.2,3,0,,-0.7334567450075575
4293,613.4,0,3,,-0.6678117712076062
4318,615.9,3,0,,-0.2458902412003508
4331,617.2,0,3,,-0.1604245267423994
4345,618.6,3,0,,-0.5234613830586519
4351,619.2,0,3,,-0.6421729836266771
4392,623.3,3,2,,-0.277686973966447
4459,630.0,2,3,,0.6295589488972828
4514,635.5,3,0,,-0.3147357221080168
4528,636.9,0,3,,-0.4675271612357663
4576,641.7,3,2,,-0.6757620201229112
4620,646.1,2,1,,0.150587918215375
4651,649.2,1,0,,0.3798634085500862
4669,651.0,0,3,,-0.6768016979940551
4685,652.6,3,0,,-0.2034655084512363
4699,654.0,0,3,,-0.5871165098867517
4704,654.5,3,2,,0.0490233393002958
4714,655.5,2,3,,1.6934939820806525
4731,657.2,3,2,,0.1899096949300591
4739,658.0,2,3,,-0.1768713356372936
4784,662.5,3,2,,-0.206986812905857
4816,665.7,2,1,,-0.4088358545191108
4832,667.3,1,0,,0.356584824409554
4842,668.3,0,3,,0.2939064741860018
4873,671.4,3,0,,-0.4896690575529026
4887,672.8,0,3,,0.9916306495881028
4947,678.8,3,2,,-0.6808288807918264
4982,682.3,2,1,,-0.5126474588425265
4994,683.5,1,2,,-0.7511869061178081
5009,685.0,2,1,,-0.4738009349792065
5059,690.0,1,0,,0.5069197142103608
5087,692.8,0,1,,-0.0371072100038025
5107,694.8,1,2,,-0.1565258171033239
5142,698.3,2,1,,-0.131976734614718
5149,699.0,1,3,,0.5779142053617966
5152,699.3,3,0,,0.0452806339886522
5163,700.4,0,3,,0.4328409475551697
5186,702.7,3,0,,0.751131018376369
5197,703.8,0,3,,0.0634099859178057
5208,704.9,3,2,,0.0383983362596318
5220,706.1,2,3,,-0.0024118974258955
5228,706.9,3,0,,0.1959671512344062
5244,708.5,0,3,,-0.2816501072321306
5262,710.3,3,2,,-0.0177830673664176
5284,712.5,2,3,,0.5750849554522282
5303,714.4,3,2,,-0.6113810622953952
5311,715.2,2,3,,0.1105516741218678
5320,716.1,3,2,,0.0582105878399034
5330,717.1,2,3,,-0.0304909477581033
5363,720.4,3,0,,-0.2002122024850235
5381,722.2,0,3,,-0.5853596471205853
5415,725.6,3,2,,-0.3930929416630361
5421,726.2,2,3,,-0.1348145070647761
5444,728.5,3,1,,-0.3761328703982852
5448,728.9,1,0,,-0.0872089395872143
5457,729.8,0,3,,0.3388188894295021
5513,735.4,3,2,,-0.4644643472650693
5524,736.5,2,3,,-0.6294956526301998
5533,737.4,3,1,,-0.3966089009877616
5575,741.6,1,2,,-0.3817839278092307
5597,743.8,2,1,,-0.3963632014278548
5621,746.2,1,0,,0.0535447998479932
5642,748.3,0,1,,0.0692096077188495
5661,750.2,1,3,,0.8071049800289614
5664,750.5,3,0,,0.3621229529488363
5674,751.5,0,3,,-0.3402839967439517
5679,752.0,3,1,,-0.5449344383977986
5715,755.6,1,3,,-0.3536642697937924
5773,761.4,3,2,,-0.1107535364932452
5798,763.9,2,3,,-0.4410953270955272
5810,765.1,3,0,,-0.068332283784788
5819,766.0,0,3,,0.004613275006866
5857,769.8,3,0,,0.1627365713394461
5866,770.7,0,3,,-0.4068069283798132
5892,773.3,3,2,,-0.2891325569533184
5900,774.1,2,3,,-0.2749100335281542
5908,774.9,3,0,,-0.0205472199600512
5934,777.5,0,3,,-0.3722816068492864
5953,779.4,3,2,,0.4907171522671363
5987,782.8,2,3,,-0.3192962446593435
5991,783.2,3,2,,-0.5256831054090166
6005,784.6,2,3,,-0.311408885917642
6010,852.6,3,0,,0.3075598905054071
6078,859.4,0,1,,0.3286214282984768
6088,860.4,1,3,,-0.0628240845603339
6101,861.7,3,2,,-0.5981744428914068
6115,863.1,2,3,,-0.4290098246446953
6131,864.7,3,2,,-0.4484056317240213
6152,866.8,2,3,,-0.0265208459804423
6179,869.5,3,2,,-0.0438405418008383
6197,871.3,2,3,,0.2822817591433466
6228,874.4,3,2,,-0.7245653444778495
6239,875.5,2,3,,0.1498698600681639
6269,878.5,3,2,Investigation,0.3007350505050498
6305,882.1,2,3,,-0.3430322493559807
6314,883.0,3,0,,-0.1346740022785192
6317,883.3,0,3,,-0.4181393698475953
6324,884.0,3,2,,-0.1909889781219309
6364,888.0,2,3,,2.6160814595519195
6377,889.3,3,2,,0.5111304746284177
6380,889.6,2,3,,0.3499123156304901
6384,890.0,3,0,,0.2066656664454952
6392,890.8,0,3,,-0.0241442985445558
6402,891.8,3,0,,-0.0061153163763799
6418,893.4,0,3,,-0.4030323626729389
6430,894.6,3,0,Aggression,1.0094110217548595
6439,895.5,0,3,Aggression,0.7174989878253669
6443,895.9,3,1,,0.5634448246939519
6448,896.4,1,2,,0.0521672740778833
6455,897.1,2,1,,0.3258982871283155
6461,897.7,1,0,,1.0607300274962357
6469,898.5,0,3,,0.0452240619285411
6478,899.4,3,2,,-0.1286256766385129
6502,901.8,2,3,,-0.2311346545119261
6517,903.3,3,2,,-0.3647318248206656
6534,905.0,2,3,,-0.0851996606808547
6543,905.9,3,2,,-0.2329080034916699
6569,908.5,2,3,,1.7894467491586052
6590,910.6,3,2,,1.3688791596519665
6598,911.4,2,1,,-0.1486514950523079
6616,913.2,1,3,,0.0777006735319133
6621,913.7,3,0,,0.2338152070463861
6632,914.8,0,3,,-0.4996572444096575
6642,915.8,3,0,,0.1764516998586388
6653,916.9,0,3,,-0.1620015057625641
6661,917.7,3,0,,0.1448143733638442
6687,920.3,0,3,,-0.0468836954328857
6696,921.2,3,2,,-0.3150127900282912
6702,921.8,2,3,,-0.2419302541562781
6727,924.3,3,1,,-0.0448019046758249
6741,925.7,1,2,,-0.2723636950555984
6754,927.0,2,1,,-0.5099819890832771
6768,928.4,1,2,,-0.5772641740515077
6776,929.2,2,3,,2.269056334192981
6807,932.3,3,0,,-0.085997216155469
6827,934.3,0,3,,-0.2634485338373752
6835,935.1,3,2,,-0.6982612978608561
6844,936.0,2,3,,-0.5509460805580509
6856,937.2,3,0,,-0.2638360481044917
6859,937.5,0,3,,-0.2590216589271636
6878,939.4,3,2,,0.0883493645683011
6892,940.8,2,3,,0.7301170224180791
6898,941.4,3,2,,0.0338399595887498
6929,944.5,2,3,,-0.5944643187749376
6933,944.9,3,0,,0.1206326698361879
6951,946.7,0,3,,0.1820103839814361
6969,948.5,3,0,,-0.5351399253555862
6979,949.5,0,3,,-0.4511574151282235
6987,950.3,3,2,,0.4356511402951223
6992,950.8,2,3,,-0.4482189848416349
7004,952.0,3,2,,-0.3509752215742372
7010,952.6,2,1,,-0.4193944434849869
7014,953.0,1,3,,-0.2633086775284268
7035,955.1,3,2,,0.1357909537064347
7049,956.5,2,3,,-0.47892916985208
7057,957.3,3,2,,-0.4547936327936465
7079,959.5,2,3,,-0.2385443075977126
7122,963.8,3,0,,-0.1126032450159885
7131,964.7,0,3,,-0.1479119370032282
7139,965.5,3,2,,-0.2226877593991286
7153,966.9,2,1,,-0.4889776591356958
7161,967.7,1,2,,-0.3406595276699781
7181,969.7,2,3,,-0.7678440746851863
7250,976.6,3,0,,-0.2201693312607562
7267,978.3,0,1,,-0.1388259002646201
7278,979.4,1,2,,0.6276752168530497
7291,980.7,2,3,,-0.2786811965789634
7308,982.4,3,0,,-0.6321714101000528
7317,983.3,0,3,,-0.61707255664481
7326,984.2,3,2,,0.5595171297776569
7331,984.7,2,3,,0.5091084185673073
7335,985.1,3,1,,0.6398272028076029
7354,987.0,1,2,,-0.4706139400140842
7406,992.2,2,3,,-0.3636317893686535
7413,992.9,3,0,,-0.7064672805506085
7419,993.5,0,3,,-0.6989604224408329
7436,995.2,3,1,,-0.0554976158896085
7469,998.5,1,2,,-0.1295805110086814
7478,999.4,2,1,,-0.1695269482219153
7481,999.7,1,3,,-0.3371586520067645
7485,1000.1,3,0,,-0.3261099222586435
7491,1000.7,0,3,,0.2642984413559992
7499,1001.5,3,0,,-0.2284141439337874
7504,1002.0,0,3,,-0.2590131670592401
7519,1003.5,3,0,,-0.4939841707339776
7522,1003.8,0,3,,-0.6370231011729812
7527,1004.3,3,2,,-0.8289945920647713
7537,1005.3,2,3,,-0.4106101683206078
7541,1005.7,3,2,,-0.5470180070455316
7559,1007.5,2,1,,-0.6653482422915976
7576,1009.2,1,0,,-0.0300879647866927
7580,1009.6,0,3,,0.0784075292762597
7596,1011.2,3,0,,0.3434851694467319
7604,1012.0,0,3,,0.2521201001425756
7634,1015.0,3,2,,0.0523426574867809
7641,1015.7,2,3,,-0.5999750066018825
7647,1016.3,3,0,,-0.3813054436084034
7658,1017.4,0,3,,-0.4791720389112343
7671,1018.7,3,2,,-0.6404875825314578
7696,1021.2,2,3,,-0.1444811922847101
7708,1022.4,3,2,,-0.7864446113206467
7766,1028.2,2,3,,-0.0601721072570514
7771,1028.7,3,0,,-0.5019709658983375
7813,1032.9,0,1,,-0.7203891412456963
7823,1033.9,1,2,,-0.0821283653862862
7842,1035.8,2,3,,0.3913322602026809
7862,1037.8,3,2,,-0.5495643562553738
7867,1038.3,2,3,,-0.825527181659038
7878,1039.4,3,0,,-0.97576463918577
7938,1045.4,0,1,,-0.5447134132953967
7980,1049.6,1,2,,-0.2698343339081174
7987,1050.3,2,1,,-0.6763487486692104
7994,1051.0,1,0,,0.237752553292041
8005,1052.1,0,1,,-0.5093979084957092
8012,1052.8,1,2,,-0.638229584535537
8025,1054.1,2,3,,1.5120781613854712
8028,1054.4,3,0,,0.5419180373416371
8032,1054.8,0,3,,-0.0053821029974092
8057,1057.3,3,0,,-0.4711304958090715
8095,1061.1,0,3,,0.1876369188333342
8115,1063.1,3,1,,-0.1330738103404393
8129,1064.5,1,2,,-0.8112919457140381
8148,1066.4,2,1,,-0.5090768811285167
8158,1067.4,1,0,,-0.7041004766687978
8185,1070.1,0,3,,0.0397669235712748
8199,1071.5,3,2,,-0.5744491751145285
8203,1071.9,2,3,,-0.2487900106493712
8207,1072.3,3,0,,-0.0601100824035637
8229,1074.5,0,3,,-0.1466661506052044
8240,1075.6,3,0,,-0.1705114587553778
8246,1076.2,0,3,,-0.1947282986833097
8263,1077.9,3,0,,-0.4583635573494072
8273,1078.9,0,3,,-0.2248126383604202
8287,1080.3,3,2,,-0.6691930723228086
8295,1081.1,2,1,,-0.9361819486053
8300,1081.6,1,0,,-0.8010877584763921
8312,1082.8,0,1,,-0.4409534387974225
8346,1086.2,1,2,,-0.6601348231741189
8395,1091.1,2,1,,0.3606359782829227
8409,1092.5,1,2,,-0.7324914474329061
8418,1093.4,2,1,,-0.4620221527467239
8425,1094.1,1,0,,0.0727890838892358
8433,1094.9,0,1,,-0.5935427306440695
8451,1096.7,1,0,,-0.3808278087704773
8456,1097.2,0,3,,-0.6236866750497865
8471,1098.7,3,0,,-0.4781857950680815
8476,1099.2,0,3,,-0.6461185916527765
8497,1101.3,3,0,,-0.8056128238771689
8501,1101.7,0,3,,-0.6463983150157517
8510,1102.6,3,2,,-0.8310983942870482
8520,1103.6,2,1,,-0.6204267098601347
8535,1105.1,1,0,,-0.4170059528446184
8552,1106.8,0,1,,-0.7455742535954571
8559,1107.5,1,0,,-0.5552571163986776
8588,1110.4,0,3,,-0.587090657913623
8600,1111.6,3,2,,-0.469164435989765
8621,1113.7,2,1,,-0.8151309020730166
8631,1114.7,1,2,,-0.1184673279945878
8646,1116.2,2,1,,-0.1086299531021276
8688,1120.4,1,2,,-0.1962343795589113
8704,1122.0,2,1,,-0.3169398837584209
8716,1123.2,1,2,,-0.0565024171709214
8740,1125.6,2,1,,-0.7126958779863576
8754,1127.0,1,2,,1.7472530077283197
8769,1128.5,2,1,,0.7953810965112648
8798,1131.4,1,2,,0.1763275804258707
8843,1135.9,2,1,,-0.7954564010717127
8879,1139.5,1,0,,-0.4945154145843184
8899,1141.5,0,3,,0.4392563163249787
8911,1142.7,3,1,,-0.3452048056280802
8927,1144.3,1,0,,-0.8062320327218826
8937,1145.3,0,3,,-0.8290488833015012
8970,1148.6,3,2,,0.4155005442986998
8986,1150.2,2,3,,-0.3695093851453069
8989,1150.5,3,0,,-0.1913269924455775
8992,1150.8,0,3,,0.1500003883474735
8997,1151.3,3,2,,1.858364505302186
9002,1151.8,2,1,,0.8185431066439075
9024,1158.0,1,0,,-0.6048339325106984
9038,1159.4,0,3,,-0.036485181326405
9044,1160.0,3,0,,-0.462467883980342
9051,1160.7,0,2,,-0.4445014544362596
9069,1162.5,2,0,,-0.14444559613666
9076,1163.2,0,3,,0.2237607728408848
9080,1163.6,3,0,,0.2099022832904922
9085,1164.1,0,3,,0.1814364105334317
9093,1164.9,3,2,,0.9132980982377984
9117,1167.3,2,1,,0.5706253995022273
9123,1167.9,1,3,,0.6913737447325266
9126,1168.2,3,0,,0.4006080213521252
9141,1169.7,0,3,,-0.5763271593644653
9160,1171.6,3,0,,0.0797719408573263
9165,1172.1,0,3,,0.0114797771208
9177,1173.3,3,2,Investigation,1.3031013056590328
9187,1174.3,2,1,Investigation,6.549653785382488
9204,1176.0,1,2,Investigation,1.2545771634207628
9212,1176.8,2,1,Investigation,3.062339981842585
9216,1177.2,1,0,Investigation,3.977464975327005
9224,1178.0,0,3,,2.9391416610260537
9227,1178.3,3,0,,2.06055840197674
9233,1178.9,0,3,,1.7931778642597995
9246,1180.2,3,0,,0.3353484170248774
9265,1182.1,0,3,,1.298527813532789
9276,1183.2,3,0,,3.3588030993310785
9304,1186.0,0,2,,0.2614008889081015
9312,1186.8,2,3,,1.459468535619566
9328,1188.4,3,0,,0.9355140745956636
9333,1188.9,0,3,,1.4626265531742209
9344,1190.0,3,0,,0.5856019783343515
9355,1191.1,0,1,,0.3076138037649811
9369,1192.5,1,2,,1.4377219117086766
9376,1193.2,2,1,,0.6484842273354067
9380,1193.6,1,0,,0.306296795287872
9465,1202.1,0,1,,0.8319895258408174
9490,1204.6,1,0,,0.7731052498423913
9495,1205.1,0,1,,0.2398608896786863
9512,1206.8,1,0,,-0.0606680437860944
9519,1207.5,0,3,,-0.381558366679542
9533,1208.9,3,2,,0.3299300412794223
9549,1210.5,2,1,,-0.3439114597298798
9572,1212.8,1,0,,0.4591511924215865
9602,1215.8,0,3,,0.3805634093749087
9612,1216.8,3,0,,0.4061381609238173
9622,1217.8,0,1,,1.6805556816936145
9649,1220.5,1,2,,0.4911971039139227
9659,1221.5,2,1,,-0.0245571559007164
9663,1221.9,1,2,,-0.0653662284372431
9672,1222.8,2,1,,-0.2417996359400829
9683,1223.9,1,2,,-0.1106934858127575
9715,1227.1,2,3,,1.1634996186817912
9732,1228.8,3,2,,1.1538052644176644
9740,1229.6,2,3,,1.6501303798437983
9757,1231.3,3,2,,1.7558548738077722
9809,1236.5,2,3,,0.6102085890838682
9825,1238.1,3,0,,-0.3650047431741283
9858,1241.4,0,3,,-0.0905487861861244
9867,1242.3,3,2,,-0.6364047999088527
9873,1242.9,2,3,,-0.4431212353968645
9888,1244.4,3,0,,-0.3454207212186332
9894,1245.0,0,1,,-0.1562300488572236
9904,1246.0,1,2,,0.1398193550791389
9947,1250.3,2,1,,-0.6775424506704124
9954,1251.0,1,2,,0.0960539067649777
9964,1252.0,2,1,,-0.6064987666200302
9973,1252.9,1,2,,-0.0110987465034691
10005,1256.1,2,3,,0.0338257824439697
10017,1257.3,3,0,,-0.5043761917458777
10032,1258.8,0,1,,-0.5656450641943338
10063,1261.9,1,0,,1.0978541926154273
10066,1262.2,0,3,,0.9426057665177578
10092,1264.8,3,0,,0.24698151072601
10099,1265.5,0,3,,-0.5011953513716627
10120,1267.6,3,0,,-0.3684251135651472
10124,1268.0,0,3,,-0.528198891328742
10406,1296.2,3,0,,-0.5914781231812759
10416,1297.2,0,3,,-0.8301122793499331
10429,1298.5,3,2,,-0.3677128991788552
10434,1299.0,2,3,,-0.5501594884356897
10452,1300.8,3,1,,-0.9373532270611936
10479,1303.5,1,2,,0.7112638085451707
10501,1305.7,2,3,,0.4603049943594524
10559,1311.5,3,2,,1.9792191231536669
10564,1312.0,2,3,,0.6655053955072655
10573,1312.9,3,2,,0.1076413493675836
10579,1313.5,2,3,,-0.0148950660520816
10595,1315.1,3,2,,-0.4970724062549022
10600,1315.6,2,3,,-0.215372082662677
10620,1317.6,3,2,,-0.6391289409651599
10633,1318.9,2,3,,-0.1214746177780632
10682,1323.8,3,2,Aggression,-0.4308863799329859
10690,1324.6,2,3,Aggression,-0.3849949665177772
10712,1326.8,3,0,Aggression,0.1406621587175632
10717,1327.3,0,3,Aggression,-0.6019923924972066
10740,1329.6,3,1,Aggression,-0.3728769213739525
10791,1334.7,1,0,Aggression,-0.4271990864066635
10816,1337.2,0,1,Aggression,-0.0266028706235944
10830,1338.6,1,0,Aggression,0.3052811875773716
10840,1339.6,0,1,Aggression,-0.1195863848385084
10845,1340.1,1,3,Aggression,-0.1507512666373963
10850,1340.6,3,2,Aggression,0.2434875660436284
10875,1343.1,2,3,Aggression,0.3245919025544641
10883,1343.9,3,1,Aggression,-0.4981627758578869
10898,1345.4,1,3,,0.989942098592144
10982,1353.8,3,1,,-0.4621305405591758
10987,1354.3,1,3,,-0.5940734007438135
11003,1355.9,3,0,,-0.5436486803557143
11012,1356.8,0,3,,-0.3590401878779509
11026,1358.2,3,0,,-0.6418751442649805
11035,1359.1,0,3,,-0.3090274137006226
11044,1360.0,3,2,,0.0585139616155247
11052,1360.8,2,3,,-0.2471918594249706
11096,1365.2,3,1,,-0.4644594284947174
11134,1369.0,1,2,,-0.5575612324967697
11151,1370.7,2,3,,2.189835690212961
11182,1373.8,3,0,,-0.3837898310224186
11200,1375.6,0,3,,-0.6710652475548895
11208,1376.4,3,1,,-0.6456032078890757
11272,1382.8,1,0,,-0.5184573173571217
11280,1383.6,0,1,,-0.358528487740698
11289,1384.5,1,2,,-0.4953103768114509
11304,1386.0,2,3,,-0.6816900886294436
11316,1387.2,3,0,,-0.5099250022742905
11332,1388.8,0,1,,-0.8861703563357741
11351,1390.7,1,2,,-0.8101221316659157
11359,1391.5,2,3,,-0.7523024013911142
11371,1392.7,3,0,,-0.6354635940033546
11412,1396.8,0,3,,-0.7503163893978062
11416,1397.2,3,1,,-0.4139156269704732
11496,1405.2,1,2,,-0.2451602260031737
11507,1406.3,2,3,,-0.6952487622055851
11519,1407.5,3,2,,-0.3190972956260318
11537,1409.3,2,3,,-0.7137910559555606
11550,1410.6,3,0,,-0.7079785877499156
11572,1412.8,0,3,,-0.7267296343399751
11625,1418.1,3,2,,0.1065471614380294
11630,1418.6,2,3,,-0.4423390993906351
11647,1420.3,3,0,,0.5426887018259996
11654,1421.0,0,3,,-0.3212050528505619
11661,1421.7,3,1,,-0.7342298880193193
11725,1428.1,1,0,,-0.9131483016776248
11751,1430.7,0,1,,-0.8320773049095043
11757,1431.3,1,0,,-0.7074024239318251
11778,1433.4,0,1,,-0.7770424281725604
11834,1439.0,1,3,,-0.7352309323101862
11849,1440.5,3,2,,-0.4717041307220435
11874,1443.0,2,3,,-0.4162901619581822
11887,1444.3,3,2,,-0.5796514227856506
11890,1444.6,2,3,,0.3036638976966144
11904,1446.0,3,2,,-0.7531074337166245
11909,1446.5,2,3,,0.4216203354333436
11927,1448.3,3,0,,-0.0684349458307929
11932,1448.8,0,3,,0.6143719738795314
11960,1451.6,3,2,,-0.1713370454302533
11964,1452.0,2,3,,-0.4458969861639937
11976,1453.2,3,2,,-0.4840899535589391
12011,1456.7,2,3,,-0.0697435909772354
12022,1457.8,3,2,,-0.0925546663444894
12031,1458.7,2,3,,-0.3821608785581336
12036,1468.0,3,0,,0.059396999759433
12049,1469.3,0,3,,1.849128338528864
12054,1469.8,3,1,,1.5176889046281352
12065,1470.9,1,3,,4.52232274293906
12082,1472.6,3,0,Investigation,4.917512088259471
12094,1473.8,0,1,Investigation,0.9670084728440164
12100,1474.4,1,2,Investigation,0.816637250350488
12116,1476.0,2,3,Investigation,1.0533425694553569
12129,1477.3,3,0,Investigation,-0.0279626071899116
12137,1478.1,0,3,Investigation,1.0446751630192286
12140,1478.4,3,2,Investigation,0.8671719485533658
12145,1478.9,2,3,Investigation,1.2545226069271915
12159,1480.3,3,0,,1.1960955454600557
12170,1481.4,0,3,Approach,0.0608449516242694
12176,1482.0,3,1,,-0.0150017836324228
12220,1486.4,1,0,,-0.2476880473431725
12227,1487.1,0,1,,-0.3325462628580578
12231,1487.5,1,0,,-0.3347821865042211
12240,1488.4,0,3,,0.3028870164407577
12247,1489.1,3,0,,-0.2551290130607334
12264,1490.8,0,3,,-0.4415834267761417
12272,1491.6,3,2,,-0.0276638415632374
12285,1492.9,2,3,,-0.6488069188888164
12308,1495.2,3,2,,-0.263517003926928
12347,1499.1,2,3,,-0.4291667147563713
12353,1499.7,3,0,,-0.3321061984453116
12365,1500.9,0,3,,-0.5308437082663409
12372,1501.6,3,0,,-0.3858561298879487
12409,1505.3,0,3,,0.2157312942276311
12447,1509.1,3,2,,-0.0008999880170938
12458,1510.2,2,3,,0.8786919210708279
12466,1511.0,3,0,,-0.314556035882334
12494,1513.8,0,1,,-0.480745901257441
12500,1514.4,1,0,,-0.6704161177549216
12510,1515.4,0,1,,-0.6035043088163693
12520,1516.4,1,0,,0.0740418311070496
12537,1518.1,0,1,,0.0911260915438604
12545,1518.9,1,2,,0.3808513634696274
12575,1521.9,2,3,,0.2730193293222805
12599,1524.3,3,0,,0.0317544854010173
12612,1525.6,0,3,,-0.6875129956098188
12623,1526.7,3,2,,-0.5341502817934737
12630,1527.4,2,3,,-0.4056258271072191
12647,1529.1,3,2,,-0.7337099065040984
12675,1531.9,2,3,,-0.0887600154570677
12683,1532.7,3,2,,-0.538511030727642
12688,1533.2,2,3,,0.2966371419063974
12703,1534.7,3,2,,-0.1885703956404437
12713,1535.7,2,3,,-0.3032697428390719
12733,1537.7,3,0,,0.1721962349134091
12760,1540.4,0,3,,-0.5076191514142606
12767,1541.1,3,0,,-0.1322080527541786
12773,1541.7,0,3,,-0.2741716392706818
12782,1542.6,3,2,,-0.0286527680560117
12786,1543.0,2,3,,-0.1067209138049032
12831,1547.5,3,2,,-0.5770549118572219
12841,1548.5,2,3,,-0.1667356165669689
12878,1552.2,3,2,,-0.4147233701705733
12895,1553.9,2,1,,0.2973439623446052
12900,1554.4,1,3,,0.1472048139927265
12915,1555.9,3,2,,-0.6295604037293577
12920,1556.4,2,3,,-0.7296611548762665
12952,1559.6,3,0,,-0.3868171307188182
12964,1560.8,0,3,,-0.4544823529049174
12968,1561.2,3,1,,-0.1055246658410042
13000,1564.4,1,2,,-0.4043130385664516
13011,1565.5,2,3,,-0.5687577266031891
13044,1568.8,3,0,,-0.4640529199807913
13071,1571.5,0,1,,0.931342001441395
13104,1574.8,1,3,,-0.350324675648162
13132,1577.6,3,2,,-0.0855827516266597
13139,1578.3,2,3,,-0.5397779300333786
13151,1579.5,3,2,,-0.3033733164531497
13179,1582.3,2,3,,-0.7034485824051563
13187,1583.1,3,2,,-0.2138317729686973
13193,1583.7,2,1,,-0.2427531046539381
13196,1584.0,1,3,,-0.4324840930875603
13245,1588.9,3,2,,-0.3447257872745033
13270,1591.4,2,3,,0.011547028026238
13285,1592.9,3,2,,-0.5086776109796202
13301,1594.5,2,3,,-0.1576786587920122
13306,1595.0,3,2,,-0.5803578554945518
13324,1596.8,2,3,,-0.2412210862190611
13352,1599.6,3,0,,-0.7235982683152488
13384,1602.8,0,3,,0.1354583742140479
13393,1603.7,3,2,,-0.4657993279242025
13400,1604.4,2,1,,-0.5001281873168224
13417,1606.1,1,0,,-0.6122048867500229
13444,1608.8,0,3,,-0.1793199149813602
13452,1609.6,3,1,,-0.2352750668116817
13457,1610.1,1,0,,-0.3663716062534921
13481,1612.5,0,3,,-0.3739434223430632
13495,1613.9,3,0,,-0.5789602246340426
13504,1614.8,0,3,,-0.5367826006369019
13527,1617.1,3,0,,0.1044174118119488
13531,1617.5,0,3,,0.5287743253106223
13544,1618.8,3,2,,0.0610723316768794
13554,1619.8,2,1,,-0.4440987992504719
13573,1621.7,1,2,,0.507196760210068
13586,1623.0,2,1,,-0.4481695492619607
13606,1625.0,1,0,,0.3391234984193484
13625,1626.9,0,3,,-0.3386449195690245
13645,1628.9,3,2,,-0.4915065327818237
13660,1630.4,2,1,,0.7682590993925684
13673,1631.7,1,0,,-0.0252366776340981
13682,1632.6,0,3,,0.2615319696763575
13715,1635.9,3,0,,0.3895661324959453
13732,1637.6,0,1,,-0.3007938254750634
13739,1638.3,1,0,,0.5359965449177333
13744,1638.8,0,1,,0.3544307185381873
13808,1645.2,1,0,,0.0923708836720936
13821,1646.5,0,3,,-0.0893712222081034
13830,1647.4,3,0,,-0.3389400561338113
13837,1648.1,0,3,,-0.0301203139238527
13856,1650.0,3,2,,0.4797711751964816
13879,1652.3,2,3,,0.1816302263881101
13902,1654.6,3,2,,0.1715745420760925
13915,1655.9,2,1,,0.1526598008198458
13928,1657.2,1,2,,-0.4644468456860675
13933,1657.7,2,1,,0.0206729795786757
13958,1660.2,1,0,,-0.128800693447419
13961,1660.5,0,1,,-0.3416697841913041
13972,1661.6,1,3,,-0.4229835143704619
13982,1662.6,3,0,,-0.3234486348404548
14017,1666.1,0,1,,0.568824416105038
14027,1667.1,1,0,,0.161483543824775
14034,1667.8,0,1,,-0.250332129403057
14037,1668.1,1,0,,-0.0752199426005044
14078,1672.2,0,3,,-0.0857436513184826
14128,1677.2,3,2,,-0.4277005243111563
14133,1677.7,2,3,,-0.1862631602241141
14161,1680.5,3,2,,-0.3797384574704541
14170,1681.4,2,3,,-0.278104384197407
14179,1682.3,3,1,,0.3433804242311742
14188,1683.2,1,0,,0.204409410171478
14208,1685.2,0,1,,-0.1119682681997229
14222,1686.6,1,2,,0.559667713385511
14232,1687.6,2,1,,-0.1100274434895494
14240,1688.4,1,2,,-0.3144817230673546
14245,1688.9,2,1,,-0.256459372159807
14248,1689.2,1,3,,-0.1337833487332609
14271,1691.5,3,0,,-0.139051318299219
14307,1695.1,0,3,,-0.2326572086290279
14397,1704.1,3,2,,0.0482977564017334
14413,1705.7,2,3,,0.1747795516453798
14419,1706.3,3,2,,0.0466239708045978
14436,1708.0,2,3,,-0.1796570056252676
14454,1709.8,3,2,,0.2276850683863962
14459,1710.3,2,3,,-0.0375890310525955
14468,1711.2,3,0,,0.1425792939784261
14494,1713.8,0,1,,-0.2528380347111757
14497,1714.1,1,3,,-0.217365741216939
14520,1716.4,3,2,,-0.2202107753475354
14531,1717.5,2,3,,-0.233017480511242
14570,1721.4,3,1,,-0.0520286603002866
14603,1724.7,1,0,,0.774185627813241
14614,1725.8,0,1,,0.1246047741384213
14621,1726.5,1,0,,-0.0645210566206319
14665,1730.9,0,3,,0.1033529742550618
14677,1732.1,3,1,,0.2903840221629151
14685,1732.9,1,2,,0.2800088197113705
14699,1734.3,2,3,,0.2105307178547894
14715,1735.9,3,0,,0.6012908474513604
14728,1737.2,0,3,,1.3483954578364217
14752,1739.6,3,2,,0.0174437774360546
14798,1744.2,2,1,,1.0770449165260132
14861,1750.5,1,0,,0.3609978754806573
14877,1752.1,0,3,,0.8321921917113905
14891,1753.5,3,0,,0.1293334715948801
14901,1754.5,0,3,,0.1688499449082965
14926,1757.0,3,2,,0.0658151303108806
14968,1761.2,2,1,,0.1792892089478465
14981,1762.5,1,2,,0.0207610996273978
14994,1763.8,2,1,,0.1851702242546031
15018,1766.2,1,2,,0.6887913309682457
15036,1768.0,2,1,,0.1315626523607732
15054,1769.8,1,3,,1.4370927506614088
